origin_iata,dest_iata,annual_pax
01A,A43,18
05A,FAI,1
06A,A43,119
09A,ADQ,67
09A,KLN,6
09A,ORI,3
1B1,ACK,5
1B1,FOK,15
1B1,N8C,8
1B1,PNE,22
1B1,SHV,7
1B1,SJU,2
1B1,SYR,11
1CT,LNS,8
1G4,BLD,19857
1G4,DQS,4
1G4,GCN,16
1G4,PGA,17
1N7,VA8,7
1NY,ANP,1
1NY,BDR,9
1NY,BLM,2
1NY,BWI,1
1NY,JFK,1
1NY,PCT,1
1TX,MQY,2
1TX,PHX,2
2AK,PTD,2
2AK,SIT,6
2FL,CRG,4
2FL,TPF,2
2FL,VDI,6
2GA,IN2,7
2GA,RSW,6
2GA,SUA,6
2NJ,LRU,4
2NY,MTP,43
2NY,OWD,3
2PA,JRA,9
2PA,PHL,6
2PA,TSS,9
2WA,FBS,337
2WA,KEH,129
2WA,RCE,319
3FL,OPF,14
3FL,TMB,8
3NJ,JRA,3
3NJ,TSS,7
3VA,HVN,2
3VA,MMU,2
4CL,SEE,51
4NC,PWK,20
5CA,SEE,14
5FL,BCT,6
5NJ,HTO,4
5PA,BWI,10
6AK,BET,208
6AK,NME,2
6AK,OOK,3
6AK,TNK,2
6AK,WWT,249
6B0,BDL,2
6B0,BHB,6
6B0,BOS,3
6B0,CT1,7
6B0,HPN,3
6B0,HTO,5
6B0,MMU,5
6CA,SFO,8
6CA,SQL,8
6PA,BBX,3
6PA,LNS,3
7AK,CDB,5
7AK,DUT,1960
7AK,KFP,4
7AK,KQA,2484
7AK,SDP,13
7AK,STG,2
A01,FAI,175
A03,A43,208
A03,HOM,86
A04,A43,10
A06,LSR,4
A06,OME,4
A17,A43,16
A26,BTT,12
A26,CXF,9
A26,FAI,37
A27,FAI,108
A29,A43,165
A30,A43,6
A34,A43,12
A43,A50,4
A43,A65,17
A43,A75,7
A43,A76,7
A43,A87,2
A43,AKK,7
A43,ALZ,59
A43,AOS,58
A43,BFB,9
A43,DGB,287
A43,EHR,38
A43,JLA,55
A43,KKB,188
A43,KKL,4
A43,KLN,33
A43,KMY,33
A43,KOY,67
A43,KOZ,15
A43,KPR,19
A43,KPY,65
A43,KWP,54
A43,KZB,84
A43,OLH,3
A43,ONN,34
A43,ORI,6
A43,SKJ,4
A43,SYB,247
A43,UGB,4
A43,UGI,44
A43,WQX,3
A52,HOM,81
A5K,DJN,2
A5K,GKN,10
A5K,MTX,3
A63,EAA,23
A63,FAI,13
A65,JLA,5
A6K,FAI,5
A72,HOM,461
AA8,SCC,10
AAF,MQY,12
AAF,OCF,3
ABE,ACK,10
ABE,ALB,378
ABE,ANC,158
ABE,ATL,130305
ABE,AVP,235
ABE,BCT,29
ABE,BDL,37
ABE,BDR,6
ABE,BHM,64
ABE,BNA,28309
ABE,BOS,176
ABE,BTV,138
ABE,CHA,56
ABE,CHO,63
ABE,CLE,75
ABE,CLT,134933
ABE,CMH,9
ABE,CVG,307
ABE,DAY,105
ABE,DCA,203
ABE,DEN,26001
ABE,DSM,68
ABE,DTW,176
ABE,EWR,2170
ABE,FAY,60
ABE,FLL,26379
ABE,GPT,1043
ABE,GRR,137
ABE,GSO,364
ABE,GSP,256
ABE,HDN,11
ABE,HPN,178
ABE,IAH,446
ABE,ICT,163
ABE,IFP,602
ABE,IND,64
ABE,ITH,27
ABE,JAX,157
ABE,JFK,143
ABE,LEB,4
ABE,LGA,760
ABE,LWS,302
ABE,MCI,150
ABE,MCO,20111
ABE,MDT,68
ABE,MEM,42
ABE,MHT,35
ABE,MKE,199
ABE,MLB,29950
ABE,MSN,68
ABE,MSP,107
ABE,MVY,4
ABE,MYR,55861
ABE,ONT,180
ABE,ORD,58353
ABE,ORF,10
ABE,PBI,48
ABE,PGD,61878
ABE,PHL,562
ABE,PIE,84199
ABE,PIT,225
ABE,RIC,44
ABE,RNO,519
ABE,SAT,238
ABE,SBN,62
ABE,SCE,35
ABE,SDF,323
ABE,SFB,201371
ABE,SHV,19
ABE,SNA,121
ABE,SRQ,31810
ABE,SYR,71
ABE,TMB,10
ABE,TPA,138
ABE,TVC,72
ABE,TYS,171
ABE,XNA,75
ABI,ABQ,72
ABI,AEX,342
ABI,AGS,61
ABI,AMA,80
ABI,ATL,433
ABI,AZA,377
ABI,BED,284
ABI,BIS,72
ABI,BNA,272
ABI,BZN,26
ABI,CDC,256
ABI,CHA,73
ABI,CMI,60
ABI,COS,159
ABI,CSG,85
ABI,DFW,184067
ABI,ELP,345
ABI,FAR,398
ABI,FLG,126
ABI,FNL,257
ABI,GRK,44
ABI,HRL,249
ABI,IAH,145
ABI,ICT,42
ABI,IFP,1044
ABI,LBB,66
ABI,LEX,276
ABI,LRD,171
ABI,MAF,72
ABI,MFE,71
ABI,MGM,59
ABI,MHK,126
ABI,MLI,68
ABI,MOB,75
ABI,MSL,253
ABI,MSO,57
ABI,MSY,75
ABI,ORD,68
ABI,PHX,123
ABI,PIA,69
ABI,PNS,75
ABI,PUW,257
ABI,PVD,264
ABI,RAP,9
ABI,RNO,286
ABI,SAN,347
ABI,SGF,59
ABI,SGU,254
ABI,SKA,66
ABI,SLC,128
ABI,SPS,72
ABI,TUL,64
ABI,TUP,29
ABI,YUM,159
ABL,AET,36
ABL,BTT,40
ABL,FAI,141
ABL,HSL,35
ABL,HUS,27
ABL,IAN,170
ABL,KVL,5
ABL,OBU,997
ABL,ORV,156
ABL,OTZ,3088
ABL,RDB,644
ABL,SHG,2221
ABL,WLK,114
ABL,WTK,7
ABQ,ADW,77
ABQ,AEX,80
ABQ,AMA,426
ABQ,ATL,299858
ABQ,AUS,165827
ABQ,AXX,109
ABQ,BNA,625
ABQ,BOI,72
ABQ,BOS,609
ABQ,BUR,74143
ABQ,BWI,112605
ABQ,BZN,640
ABQ,CHS,278
ABQ,CLE,94
ABQ,CLT,568
ABQ,CNM,5337
ABQ,COS,1349
ABQ,CRP,142
ABQ,DAL,380970
ABQ,DCA,71
ABQ,DEN,657149
ABQ,DFW,609778
ABQ,DMN,12
ABQ,DRO,59
ABQ,DTW,516
ABQ,ELP,812
ABQ,EWR,350
ABQ,FAT,538
ABQ,FLL,941
ABQ,FNL,319
ABQ,FTW,591
ABQ,HOU,227095
ABQ,HSV,167
ABQ,IAD,145
ABQ,IAH,203186
ABQ,ICT,141
ABQ,IFP,2283
ABQ,IND,345
ABQ,JFK,70575
ABQ,LAR,272
ABQ,LAS,493255
ABQ,LAW,74
ABQ,LAX,291040
ABQ,LBB,380
ABQ,LFT,626
ABQ,LGB,62150
ABQ,LGU,326
ABQ,LRU,3474
ABQ,MAF,40
ABQ,MCI,77761
ABQ,MCO,20040
ABQ,MDW,140899
ABQ,MEM,738
ABQ,MGM,165
ABQ,MIA,333
ABQ,MKE,317
ABQ,MOB,153
ABQ,MRY,6
ABQ,MSP,67733
ABQ,MSY,288
ABQ,OAK,78022
ABQ,OKC,773
ABQ,ONT,94
ABQ,ORD,191940
ABQ,PDX,40687
ABQ,PHL,366
ABQ,PHX,635349
ABQ,PIT,253
ABQ,PUW,297
ABQ,RIC,180
ABQ,RNO,515
ABQ,ROW,7
ABQ,SAF,10
ABQ,SAN,122988
ABQ,SAT,4510
ABQ,SBA,274
ABQ,SBP,119
ABQ,SEA,135816
ABQ,SFO,92581
ABQ,SGF,91
ABQ,SJC,6
ABQ,SLC,152371
ABQ,SMF,790
ABQ,SNA,276
ABQ,STL,734
ABQ,SVC,8749
ABQ,TPA,141
ABQ,TUL,16
ABQ,TUS,512
ABQ,VNY,34
ABR,IFP,179
ABR,MSP,47257
ABY,AGS,12
ABY,ATL,59231
ABY,BWI,17
ABY,LFT,48
ABY,MLI,70
ABY,SAV,17
ABY,TEB,16
ACK,ALB,33
ACK,AUG,5
ACK,BAF,12
ACK,BBX,38
ACK,BDL,115
ACK,BDR,110
ACK,BED,209
ACK,BHB,20
ACK,BID,3
ACK,BKL,10
ACK,BLM,5
ACK,BNA,4
ACK,BOS,70887
ACK,BTV,38
ACK,BUF,5
ACK,BVY,2
ACK,BWI,19
ACK,CDW,12
ACK,CHO,5
ACK,CHS,4
ACK,CLE,2
ACK,CLT,1459
ACK,CMH,1
ACK,DCA,41027
ACK,DKK,4
ACK,DXR,63
ACK,EWB,3172
ACK,EWR,19492
ACK,FID,7
ACK,FOK,60
ACK,FRG,94
ACK,GAI,19
ACK,GFL,3
ACK,GON,5
ACK,HAR,6
ACK,HFD,8
ACK,HPN,36625
ACK,HTO,174
ACK,HVN,16
ACK,HYA,11992
ACK,IAD,8
ACK,IND,2
ACK,ISP,10
ACK,JAC,6
ACK,JFK,42123
ACK,LAX,3
ACK,LCI,6
ACK,LEB,40
ACK,LEW,7
ACK,LGA,53733
ACK,LLY,2
ACK,LWM,2
ACK,MA5,3
ACK,MMN,3
ACK,MMU,61
ACK,MTP,25
ACK,MVL,39
ACK,MVY,1347
ACK,NAD,6
ACK,NH4,1
ACK,NH6,9
ACK,NJ1,6
ACK,NPT,17
ACK,NYS,15
ACK,ORD,4517
ACK,ORF,10
ACK,OWD,45
ACK,OXC,20
ACK,PA5,16
ACK,PBG,6
ACK,PBI,4
ACK,PCT,48
ACK,PDK,1
ACK,PHL,8842
ACK,PIT,73
ACK,PNE,2
ACK,PSM,8
ACK,PVD,175
ACK,PWM,13
ACK,QMN,2
ACK,RIC,2
ACK,RKD,12
ACK,ROC,9
ACK,RUT,6
ACK,SBA,7
ACK,SLK,14
ACK,SUS,5
ACK,SWF,2
ACK,SYR,2
ACK,TEB,4979
ACK,TUS,2
ACK,UIN,5
ACK,UST,14
ACK,VNY,11
ACK,VWK,13
ACK,WST,6
ACK,ZXU,11
ACT,ATL,425
ACT,ATW,74
ACT,AUS,76
ACT,BDL,102
ACT,BHM,137
ACT,BIS,72
ACT,BOS,203
ACT,BRO,49
ACT,BTR,118
ACT,CHA,71
ACT,CID,97
ACT,CKB,364
ACT,COS,316
ACT,CVG,84
ACT,DEN,333
ACT,DFW,101089
ACT,DSM,616
ACT,DTW,124
ACT,EUG,99
ACT,EYW,126
ACT,FAR,71
ACT,FOE,644
ACT,FXE,4
ACT,GEG,103
ACT,GLH,16
ACT,GSP,76
ACT,IAH,270
ACT,IFP,1239
ACT,LAX,188
ACT,LBB,402
ACT,LRD,76
ACT,MAF,65
ACT,MCI,172
ACT,MEM,271
ACT,MHK,47
ACT,MKC,213
ACT,MLI,65
ACT,MLU,54
ACT,MOB,64
ACT,MTJ,58
ACT,ORD,71
ACT,PDX,237
ACT,PNS,71
ACT,PVU,585
ACT,RAP,76
ACT,RNO,303
ACT,ROA,201
ACT,SAN,2
ACT,SAV,132
ACT,SDF,75
ACT,SFB,103
ACT,SJT,55
ACT,SJU,151
ACT,SLC,320
ACT,SLN,47
ACT,SWO,249
ACT,TRI,75
ACT,TYS,73
ACT,VNY,4
ACV,BFI,37
ACV,BUR,56343
ACV,DEN,40200
ACV,LAS,302
ACV,LAX,43927
ACV,OAK,50
ACV,SFO,123756
ACV,SLC,6
ACY,AGC,4
ACY,AGS,1022
ACY,ALB,1931
ACY,ANC,5
ACY,ATL,317
ACY,AVL,854
ACY,BCT,7
ACY,BDL,1982
ACY,BFM,447
ACY,BGM,46
ACY,BGR,220
ACY,BHM,809
ACY,BMI,338
ACY,BNA,2230
ACY,BOS,1053
ACY,BUF,4265
ACY,BWI,1637
ACY,CAE,3390
ACY,CAK,3360
ACY,CEF,671
ACY,CHA,1807
ACY,CHS,2600
ACY,CLE,3576
ACY,CLT,1541
ACY,CMH,3027
ACY,CRW,1318
ACY,CVG,1622
ACY,DAB,254
ACY,DAY,2226
ACY,DCA,163
ACY,DFW,362
ACY,DTW,7590
ACY,DXR,5
ACY,EEN,11
ACY,EWR,1604
ACY,FAY,2186
ACY,FLL,185397
ACY,FNT,1054
ACY,FOK,2
ACY,FRG,22
ACY,FWA,332
ACY,GEG,220
ACY,GNV,289
ACY,GPT,1761
ACY,GRB,540
ACY,GRR,1188
ACY,GSO,1868
ACY,GSP,931
ACY,HOU,697
ACY,HPN,263
ACY,HSV,326
ACY,HTO,16
ACY,HYA,2
ACY,IAD,272
ACY,IAH,770
ACY,ILM,2877
ACY,IND,1871
ACY,ISP,1254
ACY,JAX,1291
ACY,JFK,447
ACY,LAN,813
ACY,LAS,338
ACY,LAX,301
ACY,LBE,4151
ACY,LCI,12
ACY,LEX,1007
ACY,LGA,857
ACY,MBS,263
ACY,MCI,349
ACY,MCN,1596
ACY,MCO,256444
ACY,MDW,826
ACY,MEM,1496
ACY,MHT,1432
ACY,MIA,497
ACY,MKE,1532
ACY,MLB,291
ACY,MSN,576
ACY,MSP,306
ACY,MSY,334
ACY,MYR,85696
ACY,NPT,8
ACY,OAJ,1994
ACY,ORD,1362
ACY,ORF,2402
ACY,PBI,109550
ACY,PGV,1449
ACY,PHL,339
ACY,PHX,180
ACY,PIA,362
ACY,PIE,233
ACY,PIT,3264
ACY,PNS,220
ACY,PSF,1
ACY,PVD,876
ACY,PWM,252
ACY,RDU,4272
ACY,RFD,813
ACY,RIC,1204
ACY,ROA,1465
ACY,ROC,246
ACY,RSW,128654
ACY,SAT,103
ACY,SAV,1883
ACY,SBN,810
ACY,SDF,440
ACY,SFB,1853
ACY,SGF,140
ACY,SPI,328
ACY,SRQ,2
ACY,STL,1508
ACY,SWF,95
ACY,SYR,642
ACY,TEB,1
ACY,TOL,2042
ACY,TPA,113226
ACY,TRI,1462
ACY,TYS,1504
ACY,USA,2068
ADK,AKB,15
ADK,ANC,4365
ADK,DUT,5
ADQ,AKK,1047
ADQ,AKN,24
ADQ,ANC,156731
ADQ,DGB,298
ADQ,EGX,6
ADQ,ENA,6
ADQ,HOM,2
ADQ,ILI,9
ADQ,KCQ,7
ADQ,KFP,2
ADQ,KLN,4112
ADQ,KOZ,2643
ADQ,KYK,490
ADQ,LKK,2
ADQ,NNK,3
ADQ,OLH,4518
ADQ,ORI,2538
ADQ,SKJ,83
ADQ,SWD,2
ADS,AGS,2
ADS,AUZ,11
ADS,BCT,12
ADS,BNA,2
ADS,CAE,2
ADS,CMH,2
ADS,HOU,2
ADS,HSH,24
ADS,JAC,6
ADS,LAS,4
ADS,MDW,14
ADS,PBI,4
ADS,PHX,10
ADS,RIL,4
ADS,SDF,35
ADS,TEB,15
ADS,VNY,6
ADW,MDW,417
ADW,MIA,75
ADW,NQX,50
ADW,OKC,39
AET,AKP,188
AET,ANC,13
AET,ARC,3
AET,BTT,1493
AET,CXF,18
AET,FAI,2659
AET,FYU,3
AET,GAL,1
AET,HSL,5
AET,HUS,1093
AET,KYU,17
AET,OBU,16
AET,RBY,3
AET,RMP,1
AET,SHG,16
AET,TAL,4
AET,VEE,5
AEX,AFW,96
AEX,ATL,88518
AEX,AZA,21891
AEX,BDL,212
AEX,BED,194
AEX,BFI,129
AEX,BGR,54
AEX,BHM,52
AEX,BNA,126
AEX,BOS,75
AEX,BUF,413
AEX,BWI,314
AEX,CLT,45
AEX,CSG,7864
AEX,DAL,1222
AEX,DEN,719
AEX,DFW,87902
AEX,DQK,1904
AEX,ELP,3033
AEX,EWR,2317
AEX,FSD,119
AEX,GRB,365
AEX,GYY,1789
AEX,HOU,58
AEX,HRL,28699
AEX,IAH,1263
AEX,ICT,701
AEX,JAN,61
AEX,JAX,1388
AEX,LAS,187
AEX,LAX,1
AEX,LFT,25
AEX,LNK,79
AEX,LRD,1385
AEX,MCI,3485
AEX,MDT,6886
AEX,MIA,4258
AEX,MLU,56
AEX,MSN,486
AEX,MSP,408
AEX,MSY,272
AEX,OGD,223
AEX,OMA,391
AEX,PDX,94
AEX,PHL,117
AEX,PHX,167
AEX,POB,378
AEX,PVD,70
AEX,RIC,5834
AEX,SAN,10273
AEX,SAT,3780
AEX,SHV,457
AEX,SJU,20
AEX,SWF,193
AEX,TUS,2082
AEX,VCV,141
AEX,YKM,13
AEX,YUM,2295
AFW,ANC,841
AFW,ATL,279
AFW,AZA,26
AFW,BNA,274
AFW,BTR,35
AFW,BWI,480
AFW,CDC,269
AFW,CVG,155
AFW,DFW,203
AFW,DSM,324
AFW,EVV,65
AFW,EWR,324
AFW,FLL,305
AFW,FOE,115
AFW,FRG,266
AFW,HNL,357
AFW,HRL,65
AFW,IAH,405
AFW,LAR,292
AFW,LBB,346
AFW,LEX,351
AFW,MEM,829
AFW,MOB,336
AFW,MSL,272
AFW,MSY,360
AFW,PGV,337
AFW,PHL,330
AFW,SAT,334
AFW,SGU,238
AFW,SUX,340
AFW,SWF,330
AFW,TPA,94
AFW,XNA,326
AGC,BBX,2
AGC,CMH,1
AGC,CPS,59
AGC,CTH,6
AGC,HPN,14
AGC,IAD,18
AGC,IPT,8
AGC,ISP,16
AGC,LNK,2
AGC,MDT,3
AGC,MVY,2
AGC,PBI,6
AGC,SCE,8
AGC,SDF,2
AGN,GST,7
AGN,HNH,3
AGN,JNU,3999
AGN,TKE,508
AGS,ATL,293415
AGS,ATW,98
AGS,AUS,662
AGS,AVL,59
AGS,BCT,31
AGS,BDL,187
AGS,BIF,124
AGS,BMI,38
AGS,BOS,1624
AGS,BUF,316
AGS,BWI,28
AGS,CAE,94
AGS,CHS,76
AGS,CLE,91
AGS,CLT,200991
AGS,DCA,31659
AGS,DEN,176
AGS,DFW,48993
AGS,DHN,69
AGS,DTW,1191
AGS,EWR,164
AGS,EYW,125
AGS,FAY,64
AGS,FLL,193
AGS,FLO,93
AGS,GNV,28
AGS,GPT,3055
AGS,GSP,234
AGS,HPN,161
AGS,HTO,10
AGS,HTS,154
AGS,IAD,9
AGS,IAH,2
AGS,ILM,69
AGS,JAN,197
AGS,JAX,196
AGS,JFK,224
AGS,LGA,3885
AGS,MAF,58
AGS,MCO,116
AGS,MDT,140
AGS,MIA,1359
AGS,MOB,122
AGS,MSP,335
AGS,MYR,100
AGS,ORD,1568
AGS,ORF,261
AGS,PBI,161
AGS,PDX,194
AGS,PHL,1688
AGS,PHX,569
AGS,PIT,171
AGS,ROA,65
AGS,SAV,333
AGS,SHD,297
AGS,SHV,64
AGS,SJC,1
AGS,SLC,170
AGS,SMF,179
AGS,SRQ,65
AGS,STT,177
AGS,SYR,211
AGS,TEB,8
AGS,TLH,21
AGS,TPA,196
AGS,TUL,85
AGS,TYS,71
AHN,AUS,323
AHN,BAF,283
AHN,BNA,88
AHN,BTR,159
AHN,CHS,1
AHN,CLL,255
AHN,GNV,158
AHN,GTR,154
AHN,IND,133
AHN,JAX,321
AHN,LEX,315
AHN,MEM,159
AHN,MSY,164
AHN,SBN,76
AHN,TCL,261
AHN,TUP,246
AHN,TYS,336
AHN,XNA,182
AIA,DEN,8149
AIK,FRG,19
AIN,AKP,8
AIN,ANC,14
AIN,ATK,3301
AIN,BRW,5308
AIN,BTI,2
AIN,FAI,3
AIN,NUI,21
AIN,OBU,9
AIN,OME,36
AIN,OTZ,23
AIN,PHO,31
AIN,PIZ,202
AIN,SCC,2
AIN,SHG,9
AIN,WTK,18
AKB,CDB,4
AKB,DUT,569
AKI,ANC,5
AKI,ANI,185
AKI,ATT,10
AKI,AUK,1
AKI,BET,3307
AKI,CHU,15
AKI,CYF,1
AKI,EMK,1
AKI,KKI,664
AKI,KLG,94
AKI,KUK,2
AKI,KWN,33
AKI,KWT,240
AKI,MLL,1
AKI,MOU,1
AKI,OOK,6
AKI,PKA,37
AKI,RSH,11
AKI,SRV,1
AKI,TLT,562
AKI,WNA,5
AKK,ENA,17
AKK,KLN,2
AKK,KYK,4
AKK,OLH,80
AKK,ORI,2
AKN,ANC,60769
AKN,ANI,9
AKN,BET,28
AKN,CDB,30
AKN,CLP,1
AKN,DLG,1558
AKN,DUT,489
AKN,EGX,1093
AKN,ENA,37
AKN,HOM,282
AKN,IGG,128
AKN,ILI,172
AKN,KCG,101
AKN,KCL,110
AKN,KCQ,166
AKN,KEK,3
AKN,KKI,9
AKN,KLG,18
AKN,KLL,629
AKN,KLN,4
AKN,KMO,11
AKN,KNK,16
AKN,KNW,50
AKN,KPN,3
AKN,KPV,208
AKN,LKK,55
AKN,MCG,4
AKN,NNK,2
AKN,PIP,386
AKN,PTA,18
AKN,PTH,802
AKN,RBH,12385
AKN,SDP,282
AKN,SNP,45
AKN,TLT,7
AKN,TOG,17
AKN,UGS,123
AKN,VZY,74
AKN,WSN,217
AKP,ANC,12
AKP,ARC,6
AKP,ATK,27
AKP,BRW,246
AKP,BTI,49
AKP,BTT,492
AKP,CXF,627
AKP,ENN,4
AKP,FAI,5597
AKP,HSL,18
AKP,HUS,1
AKP,NUI,9
AKP,OTZ,19
AKP,PHO,18
AKP,PIZ,45
AKP,SCC,23
AL6,AUO,16
AL6,CMH,16
ALB,ART,46
ALB,ATL,272503
ALB,AUS,297
ALB,AZO,28
ALB,BBX,4
ALB,BDL,1015
ALB,BED,7
ALB,BGR,124
ALB,BHB,2
ALB,BMG,222
ALB,BNA,29412
ALB,BOS,2597
ALB,BTR,238
ALB,BTV,123
ALB,BUF,598
ALB,BWI,435419
ALB,BZN,147
ALB,CAE,100
ALB,CHA,133
ALB,CHS,137
ALB,CID,116
ALB,CKB,251
ALB,CLE,282
ALB,CLT,290663
ALB,CMH,95
ALB,CMI,43
ALB,CVG,63
ALB,DCA,132670
ALB,DEN,55037
ALB,DFW,87084
ALB,DSM,109
ALB,DTW,193820
ALB,EUG,159
ALB,EWR,68095
ALB,FLL,108217
ALB,FLO,99
ALB,FWA,39
ALB,GBR,3
ALB,GSO,429
ALB,GSP,139
ALB,HPN,147
ALB,HTO,15
ALB,IAD,115070
ALB,IAH,481
ALB,IND,225
ALB,ISP,2
ALB,JAX,282
ALB,JFK,1503
ALB,LAS,21277
ALB,LAX,329
ALB,LGA,66105
ALB,MA3,6
ALB,MA4,10
ALB,MCI,62
ALB,MCN,146
ALB,MCO,297562
ALB,MDT,38
ALB,MDW,190661
ALB,MEM,23
ALB,MIA,2616
ALB,MKE,99
ALB,MSP,497
ALB,MVY,4
ALB,MYR,32891
ALB,ORD,303290
ALB,ORF,21
ALB,ORH,8
ALB,PBI,329
ALB,PCT,8
ALB,PDX,164
ALB,PGD,41962
ALB,PHF,253
ALB,PHL,100366
ALB,PHX,430
ALB,PIE,38978
ALB,PIT,670
ALB,PSM,12
ALB,PUW,219
ALB,PVD,285
ALB,PWM,296
ALB,RDU,20866
ALB,RIC,205
ALB,ROA,33
ALB,ROC,414
ALB,RSW,1336
ALB,SAT,123
ALB,SBN,312
ALB,SDF,8
ALB,SFB,25690
ALB,SFO,456
ALB,SJU,139
ALB,SLC,171
ALB,SLN,94
ALB,STL,239
ALB,SYR,1498
ALB,TEB,15
ALB,TPA,47281
ALB,TYS,241
ALB,USA,3091
ALE,TN8,8
ALO,BWI,109
ALO,DCA,328
ALO,FAR,251
ALO,GFK,252
ALO,IFP,1612
ALO,LAN,36
ALO,MKE,32
ALO,ORD,22707
ALO,SGF,251
ALO,YIP,42
ALO,YNG,248
ALS,DEN,24071
ALW,BFI,43
ALW,PAE,1
ALW,SEA,72838
ALW,TIW,25
ALZ,AOS,5
ALZ,KMY,31
ALZ,KOY,4
AMA,AUS,49237
AMA,BNA,61
AMA,BOS,175
AMA,BWI,492
AMA,CHS,299
AMA,CMH,75
AMA,COS,594
AMA,DAB,157
AMA,DAL,251240
AMA,DEN,55794
AMA,DFW,294068
AMA,DSM,76
AMA,DTW,179
AMA,ECP,126
AMA,EGE,116
AMA,ELP,171
AMA,FAR,143
AMA,FAT,181
AMA,FLL,139
AMA,GEG,127
AMA,HDN,224
AMA,HOU,11186
AMA,HSH,8
AMA,IAH,81614
AMA,ICT,132
AMA,IFP,1368
AMA,LAS,79059
AMA,LAW,111
AMA,LAX,256
AMA,LBB,318
AMA,LGA,173
AMA,LIT,139
AMA,MAF,350
AMA,MCI,111
AMA,MCO,474
AMA,MDW,402
AMA,MKE,172
AMA,MSN,114
AMA,MSY,160
AMA,OAK,128
AMA,OKC,657
AMA,OMA,211
AMA,ONT,146
AMA,ORD,142
AMA,PDX,175
AMA,PHX,674
AMA,PNS,151
AMA,RDU,319
AMA,RNO,132
AMA,SAT,77
AMA,SEA,244
AMA,SJC,300
AMA,SLC,341
AMA,SMF,312
AMA,SPS,76
AMA,STL,173
AMA,TPA,170
AMA,VIS,3
ANB,LYH,27
ANC,ANI,3900
ANC,ANV,344
ANC,ARC,5
ANC,ATL,37998
ANC,AUK,15
ANC,AUS,134
ANC,BET,166047
ANC,BRW,69346
ANC,BTT,2
ANC,BVU,405
ANC,CDB,6456
ANC,CDV,43612
ANC,CHU,29
ANC,CIK,8
ANC,CKD,7
ANC,COS,122
ANC,DEN,158219
ANC,DFW,131785
ANC,DLG,49307
ANC,DLH,295
ANC,DTW,14551
ANC,DUT,37001
ANC,EEK,15
ANC,EGX,46
ANC,ELI,11
ANC,EMK,24
ANC,ENA,145523
ANC,EWR,24559
ANC,FAI,371079
ANC,FAR,269
ANC,GAL,205
ANC,GAM,20
ANC,GEG,245
ANC,GKN,272
ANC,GLV,2
ANC,GNU,40
ANC,HCR,34
ANC,HNL,105682
ANC,HOM,33634
ANC,HPB,22
ANC,HSL,3
ANC,IAD,23527
ANC,IAH,30163
ANC,IGG,64
ANC,ILI,4175
ANC,JFK,16860
ANC,JNU,237730
ANC,JZE,15
ANC,KAL,5
ANC,KFP,4
ANC,KGK,9
ANC,KGX,16
ANC,KKA,4
ANC,KLG,35
ANC,KLN,340
ANC,KNK,1779
ANC,KOA,25048
ANC,KSM,3024
ANC,KTS,10
ANC,KVC,5
ANC,LAS,33247
ANC,LAX,97205
ANC,LKK,1089
ANC,LVD,24
ANC,MCG,2846
ANC,MDO,11
ANC,MHM,3
ANC,MKE,309
ANC,MLL,57
ANC,MOU,21
ANC,MSP,248240
ANC,MYU,6
ANC,N1C,209
ANC,NLG,115
ANC,NNL,485
ANC,OGG,7776
ANC,OLH,18
ANC,OME,84736
ANC,OOK,16
ANC,ORD,216934
ANC,OTZ,69168
ANC,PAE,12472
ANC,PDB,92
ANC,PDX,170862
ANC,PHO,58
ANC,PHX,101812
ANC,PIP,4
ANC,PML,257
ANC,PSG,59
ANC,PTA,29
ANC,PTU,16
ANC,QQB,11
ANC,RDB,24767
ANC,RSH,7
ANC,SAN,5180
ANC,SCC,189074
ANC,SCM,8
ANC,SDP,7847
ANC,SEA,2034902
ANC,SFO,67336
ANC,SHH,16
ANC,SHX,20
ANC,SIT,1522
ANC,SKF,23
ANC,SKK,20
ANC,SKW,7
ANC,SLC,32486
ANC,SLQ,1
ANC,SMK,6
ANC,SNP,73
ANC,SRV,2
ANC,STP,3
ANC,SVA,21
ANC,SWD,9
ANC,SWF,5
ANC,SXP,7
ANC,SXQ,36
ANC,TKJ,37
ANC,TLA,12
ANC,TLT,14
ANC,TOG,703
ANC,UNK,6692
ANC,VAK,5
ANC,VDZ,5857
ANC,VNY,14
ANC,VZY,230
ANC,WBB,14
ANC,WMO,7
ANC,WWT,1
ANC,YAK,330
AND,PWM,11
AND,SBN,30
AND,SRQ,10
ANI,ANV,122
ANI,ATT,4
ANI,BET,2587
ANI,CHU,390
ANI,CKD,296
ANI,EEK,1
ANI,EMK,8
ANI,GAL,6
ANI,HCR,540
ANI,HPB,13
ANI,ILI,2
ANI,KGX,299
ANI,KKI,232
ANI,KLG,1476
ANI,KSM,18
ANI,KWT,33
ANI,MCG,10
ANI,MLL,32
ANI,MOU,2
ANI,NIB,11
ANI,NUP,1
ANI,OOK,6
ANI,PKA,12
ANI,PQS,4
ANI,RDV,44
ANI,RSH,318
ANI,SHX,178
ANI,SLQ,66
ANI,SNP,23
ANI,SRV,39
ANI,TLT,224
ANI,UNK,2
ANI,WNA,5
ANI,WTL,1
ANP,BED,7
ANP,CMH,6
ANP,HPN,7
ANP,PCT,1
ANP,TEB,3
ANV,BET,78
ANV,CHU,14
ANV,CKD,5
ANV,FAI,32
ANV,GAL,9
ANV,HCR,253
ANV,KGX,256
ANV,KLG,6
ANV,KPN,1
ANV,KWT,1
ANV,MCG,47
ANV,MLL,3
ANV,NUL,1
ANV,RSH,1
ANV,SHX,79
ANV,SRV,8
AOO,BBX,6
AOO,BKW,11
AOO,BWI,6
AOO,CLT,4818
AOO,EWR,2
AOO,HPN,3
AOO,IAD,4
AOO,PHL,5326
AOS,KZB,29
AOS,UGI,2
APA,ASE,14
APA,BFL,22
APA,BIL,13
APA,BNA,2
APA,CBK,6
APA,COE,2
APA,LAX,3
APA,MQY,4
APA,MRY,2
APA,OAK,12
APA,OGG,4
APA,ORD,4
APA,PBI,3
APA,SAN,3
APA,SBA,4
APA,SCF,8
APA,SJU,9
APA,SLC,5
APA,SSI,2
APA,TKF,5
APA,TWF,3
APA,UGN,3
APA,VNY,14
APC,APF,19
APC,AUS,1
APC,BFI,12
APC,BUR,14
APC,C01,2
APC,FLG,5
APC,HHR,20
APC,HPN,1
APC,LAX,8
APC,MDW,2
APC,MRY,21
APC,PBI,2
APC,PSP,9
APC,RST,9
APC,SAN,7
APC,SBA,1
APC,SFO,2
APC,SMO,10
APC,SNA,26
APC,STL,2
APC,SUN,10
APC,TEB,8
APC,TN8,10
APC,VGT,8
APC,VNY,59
APF,BDL,2
APF,BDR,2
APF,BED,6
APF,BLV,16
APF,BNA,17
APF,BWI,2
APF,EYW,16
APF,FLL,2
APF,FPR,4
APF,GNV,12
APF,GON,2
APF,HPN,860
APF,ISM,28
APF,MCO,8
APF,MDW,21
APF,MLB,2
APF,MMU,287
APF,MQY,1
APF,MTH,11
APF,MVY,1
APF,OPF,5
APF,ORL,22
APF,PBI,10
APF,PHL,2
APF,SAV,3
APF,SGU,10
APF,SRQ,5
APF,STS,3
APF,SVH,7
APF,TEB,25
APF,THV,4
APF,TLH,4
APF,TPA,11
APF,TPF,4
APF,TXX,13
APF,VNC,9
APF,VRB,1
APN,DTW,21812
ARC,BTI,49
ARC,BTT,2
ARC,CIK,31
ARC,CXF,6
ARC,ENN,5
ARC,FAI,2421
ARC,FYU,251
ARC,SCC,19
ARC,VEE,1906
ARC,WBQ,19
ART,PHL,46514
ART,SYR,300
ART,TEB,4
ASE,ATL,38299
ASE,AUS,11123
ASE,BCT,21
ASE,COS,466
ASE,DAL,15
ASE,DEN,268022
ASE,DFW,103424
ASE,EAR,11
ASE,FLL,12
ASE,FRG,28
ASE,FXE,8
ASE,GJT,590
ASE,HOU,14
ASE,HPN,25
ASE,IAD,1
ASE,IAH,58945
ASE,JAC,16
ASE,LAS,68
ASE,LAX,92301
ASE,MCC,12
ASE,MCI,117
ASE,MDW,26
ASE,OAK,12
ASE,OKC,215
ASE,OMA,9
ASE,ONT,38
ASE,OPF,38
ASE,ORD,87489
ASE,PBI,23
ASE,PHX,7667
ASE,PSP,1
ASE,PUB,9
ASE,PWK,28
ASE,SCF,10
ASE,SFO,28572
ASE,SJC,6
ASE,SLC,64
ASE,SLN,49
ASE,TEB,19
ASE,TKF,9
ASE,TN8,23
ASE,TTN,1
ASE,TUL,62
ASE,UGN,15
ASE,VNY,54
ASE,XNA,53
ASH,FOK,1
AST,BFI,4
AST,STS,2
AST,VNY,8
ATK,BRW,4174
ATK,FAI,19
ATK,NUI,37
ATK,OTZ,4
ATK,PHO,27
ATK,PIZ,33
ATK,SCC,2
ATL,ATW,65240
ATL,AUS,1258371
ATL,AVL,372134
ATL,AZA,173
ATL,BDL,678373
ATL,BED,295
ATL,BFI,64
ATL,BHM,823141
ATL,BIL,189
ATL,BKL,63
ATL,BMI,91959
ATL,BNA,1017103
ATL,BOI,148188
ATL,BOS,1565042
ATL,BQK,84642
ATL,BTR,251127
ATL,BTV,89310
ATL,BUF,393823
ATL,BUR,46009
ATL,BWI,1786917
ATL,BZN,123413
ATL,CAE,419629
ATL,CDC,248
ATL,CHA,403350
ATL,CHO,163687
ATL,CHS,853068
ATL,CID,89064
ATL,CLE,871811
ATL,CLL,320
ATL,CLT,904539
ATL,CMH,868679
ATL,COS,133010
ATL,CPR,177
ATL,CRP,243
ATL,CRW,134498
ATL,CSG,103221
ATL,CVG,828768
ATL,CYS,189
ATL,DAB,405942
ATL,DAL,777995
ATL,DAY,254487
ATL,DCA,1587041
ATL,DEN,1851033
ATL,DFW,1943435
ATL,DHN,77638
ATL,DSM,224240
ATL,DTW,1657036
ATL,EAU,149
ATL,ECP,556837
ATL,EGE,50399
ATL,ELP,213660
ATL,EUG,171
ATL,EVV,116714
ATL,EWR,1635719
ATL,EYW,301925
ATL,FAT,55326
ATL,FAY,128630
ATL,FLL,2524238
ATL,FOE,116
ATL,FSD,91747
ATL,FWA,132951
ATL,GEG,146237
ATL,GJT,1489
ATL,GNV,308717
ATL,GPT,237236
ATL,GRB,97218
ATL,GRR,434366
ATL,GSO,548975
ATL,GSP,717168
ATL,GTR,89660
ATL,GYY,211
ATL,HDN,32674
ATL,HHH,21305
ATL,HNL,187299
ATL,HOU,721573
ATL,HPN,278647
ATL,HSV,483733
ATL,HTS,282
ATL,HVN,44133
ATL,IAD,764546
ATL,IAH,1366718
ATL,ICT,215864
ATL,ILG,3999
ATL,ILM,212853
ATL,IND,947071
ATL,INT,312
ATL,ISP,11567
ATL,JAC,65159
ATL,JAN,504848
ATL,JAX,1460041
ATL,JFK,1045089
ATL,KOA,5
ATL,LAL,3165
ATL,LAS,1698562
ATL,LAX,1932729
ATL,LBB,430
ATL,LEX,430026
ATL,LFT,137604
ATL,LGA,2481357
ATL,LGB,64
ATL,LIT,485769
ATL,LRD,125
ATL,LSE,98
ATL,LUK,84
ATL,LYH,342
ATL,MCI,941310
ATL,MCN,146
ATL,MCO,2903933
ATL,MDT,184102
ATL,MDW,905316
ATL,MEM,927210
ATL,MGM,171323
ATL,MIA,2054611
ATL,MKC,71
ATL,MKE,700510
ATL,MKL,4221
ATL,MLB,279125
ATL,MLI,89110
ATL,MLU,93882
ATL,MOB,236197
ATL,MSN,195739
ATL,MSP,1231795
ATL,MSY,1403295
ATL,MTJ,23798
ATL,MYR,311181
ATL,OAJ,117984
ATL,OAK,45642
ATL,OGG,14864
ATL,OKC,455195
ATL,OMA,432145
ATL,ONT,314216
ATL,ORD,1546864
ATL,ORF,850077
ATL,PBI,1266075
ATL,PDK,1
ATL,PDX,451715
ATL,PHL,1690942
ATL,PHX,1234291
ATL,PIE,257
ATL,PIT,814480
ATL,PNS,765784
ATL,PSM,186
ATL,PSP,39461
ATL,PTK,56
ATL,PVD,287624
ATL,PWM,163974
ATL,RAP,189
ATL,RDU,1403623
ATL,RFD,106
ATL,RIC,992049
ATL,RNO,51053
ATL,ROA,175105
ATL,ROC,274782
ATL,RST,151
ATL,RSW,1000488
ATL,SAN,848086
ATL,SAT,870751
ATL,SAV,824429
ATL,SBA,42535
ATL,SBN,134651
ATL,SDF,736898
ATL,SEA,1175407
ATL,SFO,1047862
ATL,SGF,180612
ATL,SHD,315
ATL,SHV,169455
ATL,SJC,253220
ATL,SJU,708355
ATL,SLC,1044202
ATL,SMF,310342
ATL,SNA,297485
ATL,SPS,166
ATL,SRQ,768469
ATL,STL,923423
ATL,STT,222934
ATL,STX,33061
ATL,SYR,296029
ATL,TLH,355483
ATL,TPA,2125370
ATL,TRI,177278
ATL,TTN,56646
ATL,TUL,280728
ATL,TUS,253962
ATL,TVC,5468
ATL,TWF,169
ATL,TYS,529048
ATL,VLD,90492
ATL,VPS,511699
ATL,XNA,272995
ATS,ORL,9
ATT,AUK,4
ATT,BET,5351
ATT,CYF,6
ATT,KKH,5
ATT,KKI,38
ATT,KLG,3
ATT,KOT,10
ATT,KPN,6
ATT,KSM,5
ATT,KUK,1134
ATT,KWN,3
ATT,KWT,41
ATT,MLL,15
ATT,MOU,12
ATT,NME,3
ATT,NUP,987
ATT,OOK,30
ATT,PKA,35
ATT,PQS,8
ATT,SCM,19
ATT,SXP,2
ATT,TLT,3
ATT,TNK,3
ATT,VAK,1
ATT,WNA,23
ATT,WTL,35
ATT,WWT,18
ATW,AZA,62691
ATW,BNA,34610
ATW,BWI,1419
ATW,CID,68
ATW,CLT,45871
ATW,CVG,47
ATW,DEN,66199
ATW,DFW,27224
ATW,DSM,277
ATW,DTW,102486
ATW,EWR,11839
ATW,FLL,12508
ATW,GJT,141
ATW,GRB,26
ATW,GRI,163
ATW,GRR,73
ATW,IAH,184
ATW,IND,155
ATW,JAX,397
ATW,LAN,66
ATW,LAS,45696
ATW,LAX,235
ATW,MCI,76
ATW,MKE,84
ATW,MSN,42
ATW,MSP,125713
ATW,ORD,272383
ATW,PDX,12879
ATW,PGD,49260
ATW,PIE,50904
ATW,RST,75
ATW,SAV,8147
ATW,SDF,61
ATW,SFB,59409
ATW,SJC,189
ATW,SRQ,18289
ATY,DEN,16723
ATY,ORD,11815
AUG,BOS,10451
AUG,HTO,17
AUG,JFK,16
AUG,NY1,10
AUG,POU,1
AUG,UBF,12
AUK,BET,2005
AUK,EMK,4480
AUK,HPB,47
AUK,KOT,965
AUK,KSM,185
AUK,KUK,1
AUK,KWT,7
AUK,MLL,21
AUK,MOU,235
AUK,NUP,8
AUK,OME,4
AUK,PQS,85
AUK,RSH,27
AUK,SCM,131
AUK,SMK,1
AUK,SXP,1174
AUK,VAK,49
AUK,WNA,2
AUN,BFI,4
AUO,MSL,60
AUO,SUA,7
AUO,SUS,6
AUS,AVL,27126
AUS,BDL,337
AUS,BED,88
AUS,BFI,156
AUS,BFL,116
AUS,BFM,307
AUS,BGR,2
AUS,BHM,421
AUS,BNA,594143
AUS,BOS,350604
AUS,BQK,1
AUS,BRO,26
AUS,BTR,73
AUS,BUF,126
AUS,BUR,101613
AUS,BWI,310534
AUS,BZN,5684
AUS,CAE,192
AUS,CHS,37296
AUS,CKB,313
AUS,CLD,1
AUS,CLE,28978
AUS,CLT,534526
AUS,CMH,88274
AUS,COS,522
AUS,CRP,1217
AUS,CVG,84805
AUS,DAL,472923
AUS,DCA,113101
AUS,DEN,1184247
AUS,DFW,1205577
AUS,DSM,30948
AUS,DTW,291250
AUS,DWH,10
AUS,ECP,28619
AUS,EGE,1144
AUS,ELP,240960
AUS,EUG,5420
AUS,EWR,468731
AUS,FAT,266
AUS,FLL,263465
AUS,FNL,329
AUS,FOE,123
AUS,FSD,12408
AUS,FTW,11
AUS,FXE,7
AUS,GEG,233
AUS,GNV,998
AUS,GPT,2502
AUS,GRK,159
AUS,GRR,29871
AUS,GSO,203
AUS,GSP,1454
AUS,GTR,320
AUS,GUC,69
AUS,HDN,123
AUS,HHR,4
AUS,HNL,76323
AUS,HOU,296422
AUS,HPN,215
AUS,HRL,146903
AUS,HSV,50
AUS,IAD,283189
AUS,IAH,602755
AUS,IFP,1302
AUS,IND,157198
AUS,JAN,70
AUS,JAX,1704
AUS,JFK,650113
AUS,LAS,852184
AUS,LAX,967954
AUS,LBB,68101
AUS,LCH,4
AUS,LEX,1231
AUS,LFT,396
AUS,LGA,833
AUS,LGB,145525
AUS,LIT,128
AUS,LUK,97
AUS,MAF,109970
AUS,MCI,180436
AUS,MCO,702000
AUS,MDT,341
AUS,MDW,344858
AUS,MEM,1314
AUS,MFE,85948
AUS,MGM,386
AUS,MHK,282
AUS,MIA,503879
AUS,MKC,225
AUS,MKE,173
AUS,MLB,163
AUS,MLU,473
AUS,MQY,15
AUS,MSN,283
AUS,MSP,346258
AUS,MSY,327816
AUS,MTJ,633
AUS,OAK,101695
AUS,OKC,76554
AUS,OMA,17820
AUS,ONT,96237
AUS,ORD,732957
AUS,ORF,610
AUS,PBI,640
AUS,PDK,2
AUS,PDX,102081
AUS,PHL,227873
AUS,PHX,801331
AUS,PIB,289
AUS,PIE,108
AUS,PIT,86303
AUS,PNS,2835
AUS,PSM,14
AUS,PSP,6247
AUS,PVU,33541
AUS,PWK,3
AUS,PWM,160
AUS,RDU,224151
AUS,RIC,118
AUS,RNO,12311
AUS,ROC,81
AUS,RSW,3979
AUS,SAA,7
AUS,SAF,1
AUS,SAN,497576
AUS,SAT,7893
AUS,SAV,478
AUS,SBA,71
AUS,SCE,178
AUS,SDF,8350
AUS,SEA,487431
AUS,SFB,13072
AUS,SFO,521144
AUS,SHV,163
AUS,SJC,298337
AUS,SJU,9566
AUS,SLC,379432
AUS,SMF,142471
AUS,SNA,165112
AUS,SPS,282
AUS,SRQ,9577
AUS,STL,222179
AUS,SWO,136
AUS,TCL,161
AUS,TEB,21
AUS,TLH,82
AUS,TN8,41
AUS,TPA,238426
AUS,TUL,79497
AUS,TUS,381
AUS,TYS,27109
AUS,UGN,2
AUS,VNY,47
AUS,VPS,1175
AUS,XNA,1368
AUS,YIP,287
AVL,BHM,64
AVL,BNA,419
AVL,BOS,53139
AVL,BWI,20861
AVL,CHS,65
AVL,CLT,280937
AVL,CMH,41
AVL,COS,139
AVL,DAL,4
AVL,DCA,52075
AVL,DEN,79303
AVL,DFW,97608
AVL,DSM,130
AVL,ECP,66
AVL,EWR,95054
AVL,EYW,22005
AVL,FLL,189529
AVL,FYV,60
AVL,GGG,66
AVL,GNV,2
AVL,GPT,618
AVL,GSO,141
AVL,GSP,653
AVL,HOU,18848
AVL,HPN,1
AVL,HSV,102
AVL,IAD,79
AVL,IFP,324
AVL,IND,35
AVL,JFK,139
AVL,LAS,30713
AVL,LAW,70
AVL,LEX,40
AVL,LGA,98623
AVL,MCO,22708
AVL,MDW,19522
AVL,MIA,15618
AVL,MSO,290
AVL,MSP,71593
AVL,MSY,65
AVL,OKC,143
AVL,ORD,133715
AVL,PAH,28
AVL,PBI,38826
AVL,PGD,65237
AVL,PHL,40089
AVL,PHX,29518
AVL,PIE,133270
AVL,PIT,160
AVL,PNE,14
AVL,RDU,128
AVL,RIC,70
AVL,SAV,177
AVL,SFB,134674
AVL,SRQ,30652
AVL,TEB,1
AVL,TRI,17
AVL,TTN,44
AVL,TUL,140
AVL,TYS,599
AVL,USA,162
AVL,VNY,8
AVL,VPS,2801
AVP,BTV,15
AVP,BUF,47
AVP,CLE,44
AVP,CLT,216900
AVP,CMH,53
AVP,CVG,48
AVP,DAY,44
AVP,DCA,71
AVP,EWR,25440
AVP,FWA,41
AVP,GRR,91
AVP,HGR,6
AVP,HPN,181
AVP,IAD,30325
AVP,ITH,42
AVP,JAX,11
AVP,JFK,90
AVP,LAS,82
AVP,LAX,135
AVP,LEB,14
AVP,MCO,37194
AVP,MKE,214
AVP,MSN,22
AVP,MYR,6239
AVP,ORD,112489
AVP,PHL,147
AVP,PIT,288
AVP,PVU,184
AVP,PWM,67
AVP,RDU,67
AVP,ROC,64
AVP,RSW,4046
AVP,SBN,76
AVP,SBY,22
AVP,SCE,136
AVP,SNA,90
AVP,STL,73
AVP,TPA,4264
AVP,VNY,4
AVW,HHR,1
AVW,NUQ,14
AVW,VNY,4
AYS,TVI,2
AZ3,BFI,10
AZ3,HHR,17
AZ3,SJU,5
AZ3,SLC,7
AZ8,DVT,6
AZA,BCT,7
AZA,BFI,888
AZA,BFL,87
AZA,BIL,62886
AZA,BIS,77675
AZA,BLI,39272
AZA,BNA,16
AZA,BOI,32699
AZA,BZN,38576
AZA,CID,65694
AZA,CSG,1676
AZA,CVG,25772
AZA,DAL,251
AZA,DEN,1888
AZA,DSM,58646
AZA,ELP,7421
AZA,EUG,36843
AZA,FAR,104484
AZA,FCA,21728
AZA,FNT,34506
AZA,FSD,100328
AZA,FTW,37
AZA,FWA,21023
AZA,GEG,32278
AZA,GFK,18289
AZA,GGG,37
AZA,GRI,35214
AZA,GRR,64397
AZA,GTF,21156
AZA,HNL,436
AZA,HOU,14265
AZA,HRL,372
AZA,IAH,3736
AZA,ICT,34849
AZA,IDA,67925
AZA,IFP,875
AZA,ITO,335
AZA,JAX,6070
AZA,LAS,1436
AZA,LAX,174
AZA,LRD,91
AZA,MDW,138
AZA,MFR,1467
AZA,MIA,16
AZA,MLI,29100
AZA,MOT,44433
AZA,MSO,43983
AZA,MSP,58759
AZA,OMA,35845
AZA,ONT,101
AZA,PDX,20800
AZA,PHX,469
AZA,PIA,58881
AZA,PSC,50478
AZA,PVU,213276
AZA,RAP,59692
AZA,RFD,50412
AZA,RNO,984
AZA,SAN,4934
AZA,SAT,725
AZA,SBN,36059
AZA,SCE,28
AZA,SGF,52340
AZA,STC,32110
AZA,TOL,6450
AZA,TUS,1244
AZA,TVC,4116
AZA,VCV,1291
AZA,XNA,15477
AZA,YUM,866
AZO,BUF,292
AZO,CRW,145
AZO,DCA,756
AZO,DTW,105092
AZO,GRR,47
AZO,HTS,145
AZO,LAN,24
AZO,MCO,8137
AZO,MKE,43
AZO,ORD,67068
AZO,SFB,269
AZO,SJC,1
AZO,STL,89
B19,CT1,1
B19,HPN,6
B21,BOS,3
B21,PVD,3
B21,TEB,3
BAF,BUF,286
BAF,CHO,33
BAF,CVG,144
BAF,DTW,158
BAF,FOK,7
BAF,GTR,293
BAF,MVY,1
BAF,ORD,142
BAF,PHL,232
BAF,RFD,300
BAF,TOL,160
BAF,YIP,281
BAM,BFI,56
BAM,TUS,56
BBX,BED,5
BBX,BOS,4
BBX,BUF,1
BBX,CDW,3
BBX,FL4,5
BBX,FOK,4
BBX,GON,4
BBX,HFD,8
BBX,HTO,8
BBX,HVN,13
BBX,INT,12
BBX,ITH,4
BBX,LCI,1
BBX,LNS,3
BBX,MTP,10
BBX,MVY,8
BBX,NJ4,6
BBX,NPT,7
BBX,NY7,4
BBX,OWD,12
BBX,PSF,4
BBX,PVD,16
BBX,PYM,8
BBX,RIC,2
BBX,ROC,18
BBX,SCE,34
BBX,TEB,3
BBX,WWD,1
BCE,BLD,49
BCE,PGA,3
BCT,BHM,60
BCT,CLE,14
BCT,COS,6
BCT,DAL,3
BCT,EYW,27
BCT,FLL,2
BCT,FRG,46
BCT,HPN,5373
BCT,IAD,5
BCT,LAS,8
BCT,LCI,2
BCT,LGA,6
BCT,MCO,4
BCT,MMU,3102
BCT,MSY,1
BCT,MTH,7
BCT,PWK,8
BCT,RIL,5
BCT,RNO,2
BCT,SAV,3
BCT,SSI,6
BCT,STL,10
BCT,STS,4
BCT,STT,2
BCT,TEB,6
BCT,TPA,27
BCT,TYS,3
BCT,VNC,4
BCT,VRB,3
BCT,YNG,14
BDL,BHM,281
BDL,BLM,1
BDL,BNA,102349
BDL,BOS,5901
BDL,BTV,145
BDL,BUF,333
BDL,BWI,439289
BDL,BZN,135
BDL,CAE,184
BDL,CHS,67444
BDL,CLE,253
BDL,CLT,559443
BDL,CMH,22023
BDL,CMI,3
BDL,COS,148
BDL,CSG,284
BDL,CVG,8869
BDL,DAB,4831
BDL,DCA,260795
BDL,DEN,232534
BDL,DFW,180003
BDL,DSM,33
BDL,DTW,256572
BDL,EWN,12194
BDL,EWR,2965
BDL,FAR,94
BDL,FLL,226309
BDL,FRG,3
BDL,FSD,148
BDL,GEG,108
BDL,GJT,166
BDL,GPT,533
BDL,GRR,383
BDL,GSO,394
BDL,GSP,5077
BDL,HDN,135
BDL,HOU,3629
BDL,HPN,1011
BDL,HTO,3
BDL,IAD,247191
BDL,IAH,184
BDL,ICT,231
BDL,ILM,3991
BDL,IND,618
BDL,ISM,3
BDL,ISP,287
BDL,JAN,152
BDL,JAX,39967
BDL,JFK,3399
BDL,LAL,3918
BDL,LAN,181
BDL,LAS,34795
BDL,LAX,31594
BDL,LEB,11
BDL,LGA,23424
BDL,MCI,182
BDL,MCO,590671
BDL,MDW,207330
BDL,MEM,70
BDL,MIA,140453
BDL,MKE,470
BDL,MMU,2
BDL,MSP,242560
BDL,MSY,24
BDL,MVY,1
BDL,MYR,95829
BDL,OAK,54
BDL,OKC,43
BDL,OMA,120
BDL,ONT,134
BDL,ORD,445389
BDL,ORF,56517
BDL,ORH,84
BDL,PBI,135534
BDL,PDX,236
BDL,PHL,149735
BDL,PHX,22343
BDL,PIT,20546
BDL,PVD,554
BDL,PWM,590
BDL,RAP,130
BDL,RDU,72262
BDL,RIC,37459
BDL,RKD,2
BDL,RSW,112039
BDL,SAN,306
BDL,SAT,143
BDL,SAV,18774
BDL,SBN,60
BDL,SBP,1
BDL,SDF,337
BDL,SEA,160
BDL,SFO,1250
BDL,SJC,149
BDL,SJU,310216
BDL,SLC,128
BDL,SNA,180
BDL,SOP,4
BDL,SRQ,26895
BDL,STL,279
BDL,SWF,172
BDL,SYR,548
BDL,TEB,5
BDL,TLH,89
BDL,TPA,289046
BDL,TUL,98
BDL,TUS,183
BDL,TVC,159
BDL,TYS,159
BDL,USA,3594
BDL,VRB,45641
BDL,XNA,555
BDR,BGR,1
BDR,BHB,1
BDR,BID,6
BDR,BTV,6
BDR,CON,2
BDR,ESN,6
BDR,FOK,5
BDR,FXE,8
BDR,GTY,4
BDR,HPN,1
BDR,HTO,4
BDR,IAD,3
BDR,ILG,4
BDR,MCO,1
BDR,MVY,14
BDR,NJ1,2
BDR,RDU,2
BDR,SCE,8
BDR,SLK,8
BDR,TEB,3
BDY,BFI,65
BED,BFI,54
BED,BGR,6
BED,BHB,32
BED,BIF,57
BED,BLI,12
BED,BLM,17
BED,BNA,426
BED,BTV,9
BED,BUF,3415
BED,BWG,346
BED,BWI,11
BED,BZN,52
BED,CAE,134
BED,CDW,3
BED,CHO,511
BED,CID,67
BED,CLE,247
BED,CLT,224
BED,CMH,326
BED,CMI,304
BED,COU,388
BED,CPR,410
BED,CPS,110
BED,CTH,5
BED,CVG,349
BED,DAL,1561
BED,DEN,167
BED,DOV,16
BED,DSM,260
BED,DTW,282
BED,DXR,3
BED,EWR,2953
BED,FID,6
BED,FLL,749
BED,FOK,53
BED,FRG,117
BED,FSD,126
BED,GAI,8
BED,GED,21
BED,GFK,108
BED,GFL,3
BED,GNV,97
BED,GPZ,3
BED,GSO,130
BED,GSP,86
BED,GYY,90
BED,HDN,8
BED,HOU,140
BED,HPN,192
BED,HTO,75
BED,IAD,1015
BED,ILG,30
BED,ILM,4
BED,IND,315
BED,INT,200
BED,ISP,7
BED,JAC,34
BED,JFK,61
BED,LAN,510
BED,LAS,54
BED,LBE,28
BED,LGA,50
BED,LZU,10
BED,MCO,4070
BED,MDW,250
BED,ME1,5
BED,ME3,3
BED,MIA,550
BED,MKE,348
BED,MMU,7
BED,MPV,12
BED,MRK,10
BED,MSP,434
BED,MTP,5
BED,MVL,26
BED,MVY,115
BED,NH4,1
BED,NJ1,3
BED,OKC,111
BED,OPF,15
BED,ORD,128
BED,PA5,2
BED,PAH,130
BED,PBI,6
BED,PCT,17
BED,PHL,453
BED,PIE,64
BED,PIT,1011
BED,PNE,12
BED,POU,13
BED,PSF,2
BED,RDU,1372
BED,RIC,194
BED,RKD,12
BED,ROA,488
BED,SAN,121
BED,SBN,321
BED,SCE,16
BED,SDF,516
BED,SEA,102
BED,SFO,3
BED,SHD,3
BED,SJU,6
BED,SLC,214
BED,SLK,43
BED,SLN,1
BED,SNA,2
BED,SRQ,53
BED,STC,194
BED,STL,127
BED,SWF,4
BED,SYR,495
BED,TEB,202
BED,TLH,533
BED,TTN,20
BED,TYS,102
BED,USA,10
BED,VGC,11
BED,VNY,6
BED,YIP,253
BET,CHU,186
BET,CKD,129
BET,CYF,5921
BET,CZF,113
BET,DLG,344
BET,EEK,5456
BET,EHM,141
BET,EMK,10396
BET,GAL,196
BET,GNU,1273
BET,HCR,226
BET,HPB,7782
BET,KGX,150
BET,KKA,4
BET,KKH,5109
BET,KKI,5053
BET,KLG,3182
BET,KMO,18
BET,KNW,18
BET,KOT,3272
BET,KPN,8054
BET,KSM,4279
BET,KUK,6164
BET,KWK,3910
BET,KWN,9048
BET,KWT,5256
BET,LVD,8
BET,MCG,2
BET,MLL,4416
BET,MOU,5026
BET,MRI,12
BET,MYU,2327
BET,NME,2632
BET,NUP,5170
BET,OME,116
BET,OOK,5401
BET,PKA,2264
BET,PQS,5024
BET,PTU,556
BET,RDV,1
BET,RSH,3728
BET,SCM,5786
BET,SHX,38
BET,SLQ,82
BET,SMK,4
BET,SNP,2695
BET,SRV,73
BET,SXP,960
BET,TLT,3484
BET,TNK,2870
BET,TOG,27
BET,TWA,11
BET,UNK,112
BET,VAK,9234
BET,WBB,2
BET,WNA,2851
BET,WTL,5875
BET,WWT,2969
BFB,KPR,1
BFD,CPS,28
BFD,DUJ,12
BFD,IAD,3769
BFD,PHL,6
BFD,PIT,3073
BFF,BOS,165
BFF,BWI,163
BFF,BZN,570
BFF,CHS,146
BFF,DEN,27990
BFF,DSM,120
BFF,EUG,145
BFF,FCA,160
BFF,GRR,161
BFF,IAD,217
BFF,ICT,95
BFF,LGA,149
BFF,ORD,125
BFF,ORF,139
BFF,PIT,165
BFF,SLC,145
BFI,BFL,131
BFI,BIF,90
BFI,BIL,11
BFI,BJC,29
BFI,BKL,61
BFI,BMG,130
BFI,BNA,111
BFI,BOI,21
BFI,BOS,66
BFI,BUR,68
BFI,BWI,130
BFI,BZN,3
BFI,CGF,1
BFI,CID,257
BFI,CLM,6
BFI,CMH,97
BFI,COE,22
BFI,CPS,294
BFI,CTH,2
BFI,CVG,60
BFI,DAL,354
BFI,DEN,127
BFI,DFW,213
BFI,DTW,439
BFI,DVT,5
BFI,EAT,2
BFI,EDF,90
BFI,ELP,3572
BFI,ESD,12984
BFI,EUG,354
BFI,EWR,435
BFI,FCA,39
BFI,FLL,53
BFI,FRD,15278
BFI,GEG,41
BFI,GTR,37
BFI,HHR,3
BFI,HNL,6
BFI,HOU,743
BFI,HPN,51
BFI,IAD,115
BFI,IAH,1326
BFI,IND,129
BFI,INT,27
BFI,JAC,8
BFI,JFK,60
BFI,JNU,1
BFI,KOA,5
BFI,LAS,608
BFI,LAX,1000
BFI,LEX,127
BFI,LGB,319
BFI,LMT,25
BFI,LNK,35
BFI,LPS,27
BFI,LWS,1
BFI,MCI,75
BFI,MDT,127
BFI,MDW,197
BFI,MKC,223
BFI,MKE,126
BFI,MSO,11
BFI,MSP,397
BFI,MSY,687
BFI,MYL,8
BFI,OAK,305
BFI,OGG,1676
BFI,ONT,45
BFI,OR1,4
BFI,OR4,18
BFI,ORD,52
BFI,OTH,66
BFI,PAE,21
BFI,PDX,181
BFI,PHL,236
BFI,PHX,242
BFI,PIE,133
BFI,PSC,12
BFI,PSP,11
BFI,PUW,398
BFI,RCE,51
BFI,RDM,30
BFI,SAN,267
BFI,SAT,16
BFI,SBA,4
BFI,SCE,128
BFI,SCF,9
BFI,SCK,8
BFI,SEA,215
BFI,SFF,18
BFI,SFO,281
BFI,SIG,1
BFI,SJC,353
BFI,SLC,275
BFI,SMF,132
BFI,SNA,167
BFI,SQL,6
BFI,STL,124
BFI,SUN,27
BFI,SUO,18
BFI,TEB,5
BFI,TIW,4
BFI,TIX,4
BFI,TN8,1
BFI,TPA,49
BFI,TTD,10
BFI,TWF,2
BFI,VCV,1818
BFI,VNY,47
BFI,VWE,15
BFI,WA5,6
BFI,WQC,1
BFI,WVI,4
BFI,XNA,98
BFI,XXS,4
BFI,YIP,360
BFI,YKM,3
BFL,BUR,126
BFL,BWI,709
BFL,BZN,7
BFL,DEN,68614
BFL,DFW,103209
BFL,ELP,233
BFL,GSP,7
BFL,IFP,323
BFL,KOA,8
BFL,MOD,9
BFL,MRY,57
BFL,NUQ,1
BFL,OKC,119
BFL,PHX,169393
BFL,RNO,4
BFL,SBP,127
BFL,SFO,47626
BFL,SNA,1
BFL,VNY,5
BFM,CMH,307
BFM,HKY,274
BFM,IFP,1150
BFM,MCO,10804
BFM,MEM,300
BFM,RNO,607
BFM,SAT,221
BFM,SAV,335
BFM,TOL,350
BFT,MVY,3
BFT,PBI,8
BFT,SAV,2
BFT,SFB,10
BFT,SRQ,2
BFT,TEB,6
BGD,IAH,7
BGM,BOS,2
BGM,BUF,49
BGM,DTW,32935
BGM,HPN,1
BGM,JFK,82
BGM,LGA,600
BGM,MA5,2
BGM,MCO,14091
BGM,ROC,67
BGM,SCH,2
BGM,SWF,11
BGM,VWK,10
BGR,BOS,918
BGR,BTV,46
BGR,BVY,2
BGR,BZN,257
BGR,CLT,52055
BGR,DCA,117927
BGR,EWR,79004
BGR,FLL,5464
BGR,FOK,6
BGR,GRR,160
BGR,GSO,222
BGR,HPN,4
BGR,IAD,214
BGR,IAH,169
BGR,ILG,227
BGR,JAC,14
BGR,JFK,36226
BGR,LAS,3
BGR,LCI,12
BGR,LCK,76
BGR,LGA,123256
BGR,LKP,6
BGR,MCO,4646
BGR,MDT,62
BGR,MIA,222
BGR,MSN,83
BGR,MVY,7
BGR,OKC,240
BGR,ORD,43843
BGR,PGD,23690
BGR,PHL,124448
BGR,PIE,51892
BGR,PIT,22
BGR,PQI,69
BGR,PVD,113
BGR,PWM,179
BGR,RKD,8
BGR,RME,214
BGR,RSW,1788
BGR,SDF,45
BGR,SFB,66591
BGR,SRQ,148
BGR,TEB,15
BGR,TPA,3662
BGT,DVT,16
BGT,PHX,44
BHB,BOS,21114
BHB,BTV,1
BHB,FOK,6
BHB,FRG,6
BHB,HPN,16
BHB,HTO,29
BHB,LCI,11
BHB,LEB,5
BHB,LGA,6
BHB,MA2,2
BHB,MVY,2
BHB,OXC,14
BHB,PSF,4
BHB,PSM,5
BHB,PWM,35
BHB,PYM,4
BHB,RKD,4
BHB,SLK,2
BHB,SWF,4
BHB,TEB,50
BHM,BNA,12247
BHM,BTR,383
BHM,BTV,103
BHM,BUF,330
BHM,BUR,254
BHM,BWI,73469
BHM,CDC,239
BHM,CLE,46
BHM,CLL,482
BHM,CLT,280379
BHM,CMI,119
BHM,CPS,142
BHM,CVG,139
BHM,DAL,221782
BHM,DCA,103248
BHM,DEN,185913
BHM,DFW,312352
BHM,DTW,60179
BHM,ECP,281
BHM,ELP,140
BHM,EUG,100
BHM,EVV,142
BHM,EWR,485
BHM,EYW,127
BHM,FLL,17945
BHM,FWA,69
BHM,GEG,167
BHM,GNV,32
BHM,GPT,354
BHM,GSO,114
BHM,GSP,76
BHM,GTR,207
BHM,HOU,107044
BHM,HPN,1
BHM,HSV,335
BHM,IAD,382
BHM,IAH,164757
BHM,ICT,202
BHM,IFP,917
BHM,IND,529
BHM,JAC,299
BHM,JAN,377
BHM,JAX,140
BHM,LAF,94
BHM,LAS,100552
BHM,LAX,498
BHM,LGA,108889
BHM,LIT,59
BHM,LRU,140
BHM,LYH,328
BHM,MCI,281
BHM,MCO,175026
BHM,MDW,133515
BHM,MEM,32
BHM,MGM,122
BHM,MHE,30
BHM,MIA,76430
BHM,MKE,952
BHM,MLI,47
BHM,MLU,323
BHM,MOB,71
BHM,MSL,1
BHM,MSN,664
BHM,MSP,94
BHM,MSY,1579
BHM,MYR,325
BHM,NM1,1
BHM,OAK,320
BHM,OKC,1190
BHM,OMA,156
BHM,ONT,671
BHM,ORD,115173
BHM,ORF,62
BHM,PBI,245
BHM,PHL,61655
BHM,PHX,12004
BHM,PIE,94
BHM,PNS,358
BHM,RDU,220
BHM,RIC,34
BHM,RNO,205
BHM,RSW,226
BHM,SAN,234
BHM,SAT,119
BHM,SAV,300
BHM,SBN,114
BHM,SCF,6
BHM,SDF,365
BHM,SFB,506
BHM,SGF,72
BHM,SHV,471
BHM,SJC,173
BHM,SLC,260
BHM,SMF,170
BHM,SNA,317
BHM,SPS,71
BHM,SRQ,449
BHM,STL,572
BHM,SWF,334
BHM,SYR,133
BHM,TEB,19
BHM,TPA,94308
BHM,TUL,622
BHM,TXK,35
BHM,TYS,64
BHM,VPS,105
BHM,XNA,438
BHM,YIP,337
BID,BOS,5
BID,CDW,4
BID,CT1,4
BID,EWR,6
BID,HPN,14
BID,HTO,5
BID,IAD,7
BID,LEB,13
BID,MMU,54
BID,NPT,6
BID,PVC,1
BID,PWM,3
BID,RUT,1
BID,TEB,48
BID,WST,24540
BIF,BNA,216
BIF,BUR,73
BIF,CRW,94
BIF,DTW,76
BIF,IND,174
BIF,LEX,90
BIF,LFI,50
BIF,LIT,108
BIF,LRF,98
BIF,MDT,107
BIF,MGE,277
BIF,MHT,245
BIF,MIA,60
BIF,MQY,140
BIF,OFF,49
BIF,PIA,421
BIF,PIT,45
BIF,POB,107
BIF,RAP,50
BIF,SLC,128
BIF,STS,47
BIF,SVN,68
BIF,VOK,322
BIF,VZL,77
BIH,CLD,173
BIH,DEN,9319
BIH,HHR,254
BIH,LAX,19
BIH,LGB,24
BIH,SFO,10850
BIH,SNA,29
BIL,BMI,62
BIL,BOS,106
BIL,BZN,1496
BIL,CID,60
BIL,COS,138
BIL,DEN,286559
BIL,DFW,84414
BIL,EWR,738
BIL,FAR,147
BIL,FCA,395
BIL,FRD,1
BIL,FSD,127
BIL,GDV,4143
BIL,GEG,56
BIL,GGG,69
BIL,GGW,5817
BIL,HVR,6035
BIL,IDA,67
BIL,IFP,947
BIL,JAC,277
BIL,LA2,3
BIL,LAS,32403
BIL,LAW,65
BIL,LAX,7590
BIL,MFR,194
BIL,MSP,104284
BIL,OLF,6130
BIL,ORD,14546
BIL,PDX,27685
BIL,PHL,188
BIL,PHX,15506
BIL,RAP,290
BIL,RNO,207
BIL,RST,143
BIL,SDY,14559
BIL,SEA,115846
BIL,SFO,89
BIL,SJT,58
BIL,SLC,163217
BIL,SMF,175
BIL,STL,158
BIL,VNY,4
BIL,XWA,28
BIS,DEN,118203
BIS,DFW,78397
BIS,FAR,139
BIS,IAD,726
BIS,IFP,3047
BIS,LAS,31899
BIS,LAX,96
BIS,LBB,71
BIS,MOT,502
BIS,MSP,252410
BIS,PDX,132
BIS,PIE,12086
BIS,RAP,858
BIS,SFB,16580
BIS,XWA,61
BJC,BTV,6
BJC,BUR,14867
BJC,DAL,18152
BJC,EUG,28
BJC,FAR,322
BJC,FCA,4
BJC,GEG,18
BJC,GJT,8
BJC,HPN,3
BJC,LAS,8652
BJC,LAX,31
BJC,OAK,25
BJC,PHX,286
BJC,RDM,4
BJC,SCF,13375
BJC,SJC,31
BJC,SLC,569
BJC,TRM,2
BJC,TSM,870
BJC,TUS,69
BJC,VGT,8
BJC,VNY,8
BJI,GUC,167
BJI,IFP,1654
BJI,MSP,54468
BJI,SJT,162
BKC,DRG,2243
BKC,ELI,9
BKC,GLV,7
BKC,IAN,71
BKC,KTS,18
BKC,KVL,6
BKC,OME,38
BKC,ORV,190
BKC,OTZ,5184
BKC,RDB,622
BKC,SHH,18
BKC,SKK,18
BKC,WLK,389
BKC,WTK,109
BKG,MSP,5626
BKG,ORD,28
BKG,SJC,54
BKG,TN8,4
BKL,BOS,135
BKL,BWI,74
BKL,CVG,305
BKL,DAL,58
BKL,DEN,121
BKL,ENW,8
BKL,EWR,239
BKL,HPN,67
BKL,HYA,2
BKL,IAD,135
BKL,IAH,69
BKL,JFK,61
BKL,MDW,252
BKL,MIA,195
BKL,MKC,265
BKL,MSP,128
BKL,OAK,57
BKL,ORD,139
BKL,PHL,187
BKL,PHX,66
BKL,PIE,62
BKL,PIT,11
BKL,PWK,7
BKL,SAN,59
BKL,SFO,64
BKL,STP,16
BKL,VNY,3
BKW,CKB,8
BKW,CLT,22788
BKW,PKB,12799
BKW,TEB,5
BKW,VA4,5
BKX,CMH,46
BLD,DQS,7843
BLD,GCN,4021
BLD,KNB,779
BLD,L41,2356
BLD,PGA,2725
BLD,QQU,2
BLD,RNO,2
BLD,SAD,12
BLD,SGU,12
BLD,VNY,5
BLI,DEN,11183
BLI,DFW,111
BLI,ESD,15
BLI,FAT,156
BLI,IFP,1357
BLI,KEH,16
BLI,KTN,6
BLI,LAS,221431
BLI,LAX,30059
BLI,OAK,75631
BLI,OGG,6
BLI,PAE,12
BLI,PHX,50
BLI,PSP,26584
BLI,RNO,804
BLI,SAN,6265
BLI,SEA,118820
BLM,BOS,4
BLM,BTV,12
BLM,EGE,9
BLM,FOK,20
BLM,GFL,6
BLM,GON,2
BLM,HFD,1
BLM,HPN,10
BLM,HTO,4
BLM,HYA,3
BLM,MA1,12
BLM,MHR,3
BLM,MNZ,1
BLM,MTP,8
BLM,MVY,74
BLM,NAD,8
BLM,NPT,7
BLM,NY4,14
BLM,OCE,15
BLM,OUN,48
BLM,OXC,6
BLM,PSM,4
BLM,PVD,1
BLM,PWM,10
BLM,SCE,14
BLM,STP,8
BLM,TEB,1
BLM,TN9,33
BLM,UBF,4
BLM,VNY,13
BLM,VWK,20
BLV,CHS,83
BLV,FLL,4348
BLV,JAX,12465
BLV,LAS,13795
BLV,MCF,39
BLV,MYR,5978
BLV,OFF,39
BLV,PGD,51679
BLV,PIE,44225
BLV,SAV,5405
BLV,SFB,40438
BLV,SRQ,25359
BLV,TYS,10328
BLV,VPS,90422
BMG,BWI,393
BMG,CID,125
BMG,CMH,471
BMG,DTW,365
BMG,EWR,91
BMG,HPN,184
BMG,HRL,41
BMG,LAN,456
BMG,LNK,654
BMG,MDT,47
BMG,MDW,7
BMG,MSN,269
BMG,MSP,486
BMG,OKC,209
BMG,OPF,9
BMG,ORD,113
BMG,RSW,187
BMG,SBN,333
BMG,SCE,445
BMG,SEA,112
BMG,TYS,206
BMI,BNA,67
BMI,CMI,51
BMI,DEN,12708
BMI,DFW,86931
BMI,DTW,144
BMI,FAR,289
BMI,FNT,43
BMI,FSD,29
BMI,GFK,258
BMI,GPT,570
BMI,IFP,1399
BMI,LGA,69
BMI,MAF,92
BMI,MSL,263
BMI,ORD,58190
BMI,PIE,32297
BMI,RNO,200
BMI,SDF,75
BMI,SFB,36736
BMI,SMF,261
BMI,SPS,61
BMI,STL,69
BMI,TUL,72
BMI,XNA,56
BMI,YNG,141
BML,HPN,3
BML,HTO,16
BNA,BOI,168
BNA,BOS,629205
BNA,BTR,1118
BNA,BUF,63664
BNA,BUR,98470
BNA,BWI,424336
BNA,BZN,37878
BNA,CAE,584
BNA,CAK,14148
BNA,CBK,8
BNA,CDC,283
BNA,CGI,12252
BNA,CHA,1063
BNA,CHO,98
BNA,CHS,196687
BNA,CID,19870
BNA,CLD,9
BNA,CLE,201378
BNA,CLL,370
BNA,CLT,792184
BNA,CMH,183737
BNA,CMI,149
BNA,CNW,163
BNA,COS,576
BNA,COU,1073
BNA,CPS,394
BNA,CVG,57615
BNA,DAL,581411
BNA,DCA,602931
BNA,DEN,1083735
BNA,DFW,984943
BNA,DSM,53055
BNA,DTW,560779
BNA,ECP,253939
BNA,ELM,276
BNA,ELP,805
BNA,EVV,66
BNA,EWR,482370
BNA,EYW,356
BNA,FAR,31661
BNA,FLL,553347
BNA,FNT,37803
BNA,FRG,74
BNA,FSD,30539
BNA,FTW,15
BNA,FWA,72
BNA,GFK,9
BNA,GJT,139
BNA,GNV,634
BNA,GPT,1996
BNA,GRB,504
BNA,GRK,39
BNA,GRR,60648
BNA,GSO,220
BNA,GSP,56139
BNA,GTR,180
BNA,HAO,1
BNA,HDN,4107
BNA,HHR,9
BNA,HOU,414100
BNA,HPN,479
BNA,HSH,25
BNA,HSV,1844
BNA,HVN,34317
BNA,IAD,255128
BNA,IAH,425694
BNA,ICT,160
BNA,IFP,980
BNA,ILG,516
BNA,IN2,6
BNA,IND,2063
BNA,ISM,7
BNA,JAN,216
BNA,JAX,245790
BNA,JBR,1652
BNA,JFK,326488
BNA,LAL,152
BNA,LAS,553941
BNA,LAX,627211
BNA,LBB,95
BNA,LEX,204
BNA,LFT,72
BNA,LGA,840937
BNA,LGB,113122
BNA,LIT,732
BNA,LOT,2
BNA,LRU,165
BNA,LUK,103
BNA,LYH,51
BNA,MCI,318810
BNA,MCO,781766
BNA,MDT,25664
BNA,MDW,460159
BNA,MEM,4095
BNA,MGM,312
BNA,MIA,580230
BNA,MKE,196649
BNA,MLB,9630
BNA,MLI,49
BNA,MLU,155
BNA,MO6,3
BNA,MQY,1
BNA,MSN,272
BNA,MSO,273
BNA,MSP,525317
BNA,MSY,334011
BNA,MYR,155771
BNA,NUQ,4
BNA,OAK,73931
BNA,OKC,61930
BNA,OMA,62300
BNA,ONT,59254
BNA,OPF,7
BNA,ORD,793110
BNA,ORF,108393
BNA,OSU,20
BNA,PAH,37
BNA,PBI,885
BNA,PDK,23
BNA,PDX,82856
BNA,PGD,41148
BNA,PHF,61
BNA,PHL,663049
BNA,PHX,605446
BNA,PIA,23875
BNA,PIE,34305
BNA,PIT,236531
BNA,PNS,213519
BNA,PSP,93
BNA,PVD,19716
BNA,PVU,33910
BNA,PWM,29949
BNA,RDU,397703
BNA,RFD,12947
BNA,RIC,90550
BNA,RNO,330
BNA,ROA,807
BNA,ROC,55
BNA,RSW,152126
BNA,SAN,217065
BNA,SAT,176245
BNA,SAV,171712
BNA,SBN,101
BNA,SCE,108
BNA,SCF,2
BNA,SDF,5300
BNA,SEA,373457
BNA,SFB,45161
BNA,SFO,160931
BNA,SGU,304
BNA,SHV,446
BNA,SJC,79596
BNA,SJU,14783
BNA,SLC,300089
BNA,SMF,70834
BNA,SNA,4469
BNA,SRQ,152533
BNA,STL,270314
BNA,SUA,1
BNA,SUS,21
BNA,SWO,1
BNA,SYR,46463
BNA,TBN,6545
BNA,TCL,314
BNA,TEB,92
BNA,TLH,113
BNA,TPA,466677
BNA,TSM,6
BNA,TTN,28
BNA,TUL,792
BNA,TUP,21039
BNA,TYS,494
BNA,USA,23
BNA,VEL,1
BNA,VNY,11
BNA,VPS,187080
BNA,XNA,27637
BNF,JNU,28
BOI,BOS,153
BOI,BUR,94669
BOI,BZN,1510
BOI,CHA,157
BOI,CHS,172
BOI,COS,289
BOI,DAL,2593
BOI,DAY,114
BOI,DEN,682806
BOI,DFW,266648
BOI,ELP,53
BOI,EUG,876
BOI,EWR,151
BOI,FAT,424
BOI,FLL,89
BOI,FSD,136
BOI,GEG,140127
BOI,GJT,129
BOI,GRK,91
BOI,GSP,92
BOI,HNL,353
BOI,IAD,160
BOI,IAH,159
BOI,ICT,66
BOI,IDA,178
BOI,JAC,110
BOI,LAR,316
BOI,LAS,423590
BOI,LAX,213519
BOI,LGB,8780
BOI,LWS,117
BOI,MCO,138
BOI,MDW,53
BOI,MIA,174
BOI,MSP,232778
BOI,MTJ,134
BOI,OAK,162771
BOI,OKC,183
BOI,ONT,182
BOI,ORD,91488
BOI,PDX,224861
BOI,PHX,362183
BOI,PIH,169
BOI,PNS,173
BOI,PSC,248
BOI,PSP,2100
BOI,PUW,16026
BOI,RDM,239
BOI,RFD,240
BOI,RNO,419
BOI,RST,306
BOI,SAN,113879
BOI,SAV,342
BOI,SEA,747697
BOI,SFO,201990
BOI,SJC,122284
BOI,SLC,363112
BOI,SLN,120
BOI,SMF,222485
BOI,SNA,62768
BOI,STL,113
BOI,STS,14703
BOI,SUN,225
BOI,TPA,150
BOI,TUL,172
BOI,TWF,67
BOI,VNY,8
BOS,BQN,264
BOS,BTR,141
BOS,BTV,98
BOS,BUF,161973
BOS,BWI,918337
BOS,BZN,22081
BOS,CAE,290
BOS,CHA,133
BOS,CHS,257734
BOS,CLE,243766
BOS,CLT,1221015
BOS,CMH,216558
BOS,COS,497
BOS,CPS,132
BOS,CTH,26
BOS,CVG,244230
BOS,DAL,13269
BOS,DAY,8
BOS,DCA,1560059
BOS,DEN,1165365
BOS,DFW,1141099
BOS,DSM,226
BOS,DTW,735640
BOS,ECP,1636
BOS,ELP,169
BOS,ESN,2
BOS,EWR,906538
BOS,EYW,34031
BOS,FAY,114
BOS,FID,8
BOS,FLL,943593
BOS,FOK,15
BOS,FRG,5
BOS,GNV,187
BOS,GON,8
BOS,GRR,25791
BOS,GSO,70
BOS,HDN,6426
BOS,HHH,2253
BOS,HLM,3
BOS,HLN,148
BOS,HNL,116561
BOS,HOU,137
BOS,HPN,782
BOS,HSV,107
BOS,HTO,82
BOS,HVN,1
BOS,HYA,7346
BOS,IAD,425742
BOS,IAH,559595
BOS,ICT,419
BOS,ILM,22798
BOS,IND,215033
BOS,ISP,92
BOS,JAX,238316
BOS,JFK,826887
BOS,LAS,478429
BOS,LAX,1276100
BOS,LBE,14
BOS,LCH,295
BOS,LEB,13182
BOS,LGA,1059435
BOS,LGB,130
BOS,LIT,325
BOS,MBS,84
BOS,MCI,106098
BOS,MCO,1482384
BOS,MDT,22768
BOS,MDW,409970
BOS,ME3,23
BOS,MEM,55795
BOS,MHT,835
BOS,MIA,1116679
BOS,MIV,8
BOS,MKC,173
BOS,MKE,126900
BOS,MLB,583
BOS,MMU,32
BOS,MOB,113
BOS,MSN,2214
BOS,MSP,718793
BOS,MSS,10662
BOS,MSY,228916
BOS,MTP,8
BOS,MVY,34845
BOS,MYR,194502
BOS,NHZ,4
BOS,NPT,3
BOS,OAK,186
BOS,OCE,1
BOS,OKC,1019
BOS,OMA,245
BOS,ONT,632
BOS,ORD,1689802
BOS,ORF,69552
BOS,ORH,330
BOS,OXC,12
BOS,PA3,6
BOS,PBI,527685
BOS,PDX,190246
BOS,PGD,184
BOS,PHL,1090841
BOS,PHX,696456
BOS,PIA,85
BOS,PIE,258
BOS,PIT,330482
BOS,PNS,125
BOS,PQI,13325
BOS,PSF,5
BOS,PTK,141
BOS,PUB,136
BOS,PVC,13045
BOS,PVD,2998
BOS,PWM,1655
BOS,QMA,12
BOS,RDU,600409
BOS,RIC,250390
BOS,RKD,14463
BOS,ROC,53732
BOS,RST,152
BOS,RSW,611353
BOS,RUT,8882
BOS,SAN,456067
BOS,SAT,73404
BOS,SAV,125106
BOS,SBN,188
BOS,SCF,2
BOS,SDF,77033
BOS,SEA,803243
BOS,SFO,1337080
BOS,SJC,30342
BOS,SJU,635125
BOS,SLC,419477
BOS,SLK,6375
BOS,SLN,119
BOS,SMF,20651
BOS,SRQ,113869
BOS,STL,336730
BOS,STT,28090
BOS,SVH,1
BOS,SYR,81585
BOS,TEB,122
BOS,TLH,496
BOS,TPA,759993
BOS,TUL,144
BOS,TUS,122
BOS,TVC,12682
BOS,TYS,36344
BOS,VGC,13
BOS,VPS,7789
BOS,VWK,12
BOW,BQK,5
BOW,MIA,16
BOW,PBI,6
BOW,PWK,19
BOW,SSI,8
BPT,BTR,24
BPT,DFW,66552
BPT,IAH,37
BPT,LCH,60
BQK,BWI,331
BQK,HOU,1
BQK,PDK,12
BQK,PSC,2
BQK,SAV,51
BQK,VNY,2
BQN,BWI,171
BQN,DCA,222
BQN,EWR,112448
BQN,FLL,91049
BQN,HRL,79
BQN,JFK,179016
BQN,MCO,295005
BQN,MFE,78
BQN,MIA,60
BQN,RSW,103
BQN,SJU,2034
BQN,STT,144
BQN,TPA,43147
BRD,IFP,2148
BRD,MSP,29443
BRL,ORD,5104
BRL,STL,2489
BRL,UIN,3
BRO,BUR,5909
BRO,CRP,64
BRO,DFW,173703
BRO,HRL,84
BRO,IAH,127525
BRO,LAS,973
BRO,LAX,2383
BRO,LRD,70
BRO,MCO,10435
BRO,MFE,139
BRO,MIA,67
BRO,PHX,24
BRO,PVU,57
BRO,SAT,276
BRO,SVC,22
BRO,USA,32
BRW,BTI,193
BRW,FAI,58
BRW,LNI,2
BRW,NUI,4041
BRW,PHO,373
BRW,PIZ,2743
BRW,SCC,187
BTI,CIK,5
BTI,CXF,17
BTI,FAI,2331
BTI,FYU,5
BTI,KBC,2
BTI,NUI,31
BTI,PIZ,9
BTI,SCC,1665
BTI,VEE,11
BTI,VIK,8
BTM,IDA,29
BTM,PGA,4
BTM,SLC,31771
BTP,HPN,12
BTP,MMU,12
BTP,SCE,6
BTR,BWI,106
BTR,CAE,688
BTR,CHA,75
BTR,CHS,101
BTR,CLL,757
BTR,CLT,112868
BTR,COU,226
BTR,CSG,212
BTR,DAL,132
BTR,DCA,30622
BTR,DFW,238339
BTR,ECP,62
BTR,EUG,57
BTR,FRG,1
BTR,GGG,60
BTR,GJT,351
BTR,GNV,788
BTR,GPT,62
BTR,GSP,188
BTR,GTR,213
BTR,HRL,185
BTR,IAH,186894
BTR,IFP,131
BTR,ILM,59
BTR,JAN,104
BTR,JAX,136
BTR,LAS,3161
BTR,LAX,576
BTR,LBB,69
BTR,LEX,410
BTR,LFT,108
BTR,LGA,112
BTR,LIT,8
BTR,LWB,298
BTR,MCN,45
BTR,MDW,7
BTR,MEM,237
BTR,MHK,110
BTR,MIA,1
BTR,MKE,166
BTR,MLU,75
BTR,MOB,141
BTR,MOD,12
BTR,MQY,213
BTR,MSY,770
BTR,MYR,73
BTR,OKC,709
BTR,OPF,5
BTR,ORF,117
BTR,PNS,65
BTR,PVD,52
BTR,RDU,165
BTR,RNO,525
BTR,RSW,151
BTR,SDF,219
BTR,SFB,282
BTR,SHV,89
BTR,SJC,53
BTR,TCL,577
BTR,TLH,214
BTR,TPA,310
BTR,TUP,508
BTR,TYS,388
BTR,XNA,1374
BTT,CXF,151
BTT,DCK,9
BTT,FAI,3909
BTT,GAL,3
BTT,HUS,17
BTT,LNI,5
BTT,MTX,3
BTT,OBU,12
BTT,PPC,23
BTT,SCC,5
BTT,SHG,7
BTT,UMT,9
BTV,CLT,98648
BTV,CON,5
BTV,COS,147
BTV,COU,76
BTV,CVG,150
BTV,DCA,173418
BTV,DEN,44315
BTV,DFW,5426
BTV,DSM,110
BTV,DTW,45915
BTV,EWR,133699
BTV,FRG,3
BTV,FSD,123
BTV,GSO,62
BTV,HPN,142
BTV,HTO,4
BTV,HYA,13
BTV,IAD,124269
BTV,ILG,7
BTV,JFK,78686
BTV,LAN,3
BTV,LGA,111709
BTV,LNS,4
BTV,MCI,146
BTV,MCO,19704
BTV,MDT,55
BTV,MHT,121
BTV,MRY,2
BTV,MSP,33020
BTV,MTP,4
BTV,MVY,23
BTV,OGS,18
BTV,ORD,192102
BTV,OWD,4
BTV,PA5,8
BTV,PHL,148426
BTV,PQI,46
BTV,PSM,2
BTV,PVD,131
BTV,RDU,12276
BTV,RKD,2
BTV,ROA,50
BTV,ROC,189
BTV,RSW,4187
BTV,SDF,44
BTV,SFB,138
BTV,SWF,6
BTV,SYR,192
BTV,TEB,62
BTV,TPA,19710
BTV,TRI,67
BTV,VWK,8
BTV,ZXU,15
BUF,BWI,426715
BUF,BZN,226
BUF,CLE,680
BUF,CLT,377780
BUF,CMH,204
BUF,CMI,123
BUF,COU,340
BUF,CPS,55
BUF,DAL,2958
BUF,DCA,134453
BUF,DEN,126103
BUF,DFW,145878
BUF,DTW,229259
BUF,ELM,34
BUF,ERI,279
BUF,EWR,154838
BUF,FLL,142691
BUF,FME,4
BUF,FQI,1
BUF,FRG,41
BUF,GRB,128
BUF,GSP,118
BUF,HNL,10
BUF,HOU,341
BUF,HPN,194
BUF,HTO,3
BUF,IAD,129197
BUF,IAH,618
BUF,ICT,165
BUF,IFP,439
BUF,IND,972
BUF,JAX,314
BUF,JFK,482747
BUF,LAS,104888
BUF,LAX,63430
BUF,LCK,305
BUF,LEB,2
BUF,LGA,244651
BUF,LNS,4
BUF,MCI,1460
BUF,MCO,483428
BUF,MDT,4256
BUF,MDW,217556
BUF,MEM,169
BUF,MHT,59
BUF,MIA,4386
BUF,MKE,488
BUF,MMU,14
BUF,MSP,51683
BUF,ORD,361199
BUF,PBI,6978
BUF,PGV,15
BUF,PHF,114
BUF,PHL,128434
BUF,PHX,52597
BUF,PIT,1157
BUF,PVD,331
BUF,PWM,68
BUF,RDU,29575
BUF,RFD,294
BUF,RIC,235
BUF,ROC,1000
BUF,RSW,40224
BUF,SEA,863
BUF,SFO,490
BUF,SJC,182
BUF,SLC,52
BUF,SLK,10
BUF,SNA,48
BUF,SRQ,9728
BUF,STL,77
BUF,SYR,245
BUF,TEB,29
BUF,TN8,12
BUF,TPA,211131
BUF,USA,34
BUF,YIP,284
BUR,BZN,7770
BUR,CCR,10081
BUR,COS,7743
BUR,CRP,135
BUR,CVG,63
BUR,DAL,105408
BUR,DEN,459477
BUR,DFW,217223
BUR,DTW,12
BUR,EGE,20
BUR,ELP,346
BUR,EUG,73954
BUR,EWR,270
BUR,FCA,14581
BUR,GEG,100
BUR,HNL,1
BUR,HOU,67672
BUR,HPN,135
BUR,HSH,2
BUR,HYA,7
BUR,IAD,7
BUR,IAH,267
BUR,ICT,240
BUR,JFK,70084
BUR,LAS,1037012
BUR,LAX,2386
BUR,LVK,12
BUR,MAF,273
BUR,MCI,34812
BUR,MCO,4
BUR,MDW,69106
BUR,MFR,22934
BUR,MKC,2
BUR,MRY,1593
BUR,MSY,39862
BUR,MVY,14
BUR,NEW,3
BUR,NUQ,4
BUR,OAK,709862
BUR,OGG,4
BUR,OKC,276
BUR,ONT,2335
BUR,PDK,2
BUR,PDX,280250
BUR,PHX,619969
BUR,PIE,4
BUR,PIT,2
BUR,PRB,1
BUR,PRC,1
BUR,PSC,33448
BUR,PSP,336
BUR,PVD,9
BUR,PVU,14
BUR,RAP,118
BUR,RDD,15361
BUR,RDM,48847
BUR,RNO,92135
BUR,SAF,31
BUR,SAN,489
BUR,SAT,35351
BUR,SBA,33
BUR,SBP,70
BUR,SCF,23282
BUR,SEA,422168
BUR,SFO,459501
BUR,SJC,431947
BUR,SLC,195729
BUR,SLE,29930
BUR,SMF,515293
BUR,SNA,124
BUR,SPS,147
BUR,STL,49309
BUR,STS,100852
BUR,TEB,60
BUR,TKF,3
BUR,TN8,5
BUR,TSM,1552
BUR,TTN,3
BUR,TUL,248
BUR,TUS,2
BUR,TWF,99
BVU,MRI,1696
BVU,TYE,173
BVY,CT1,19
BVY,HPN,2
BVY,HTO,10
BVY,MVY,6
BVY,SWF,14
BVY,TEB,2
BWG,CLL,309
BWG,ELP,312
BWG,LYH,326
BWG,MLU,155
BWG,PBI,546
BWG,TOL,318
BWG,YIP,92
BWI,CAE,783
BWI,CAK,68
BWI,CHS,299134
BWI,CID,579
BWI,CKB,357
BWI,CLE,239780
BWI,CLT,875470
BWI,CMH,266199
BWI,CMI,324
BWI,CON,1
BWI,COS,51202
BWI,CRP,405
BWI,CVG,167649
BWI,DAL,486752
BWI,DAY,151
BWI,DCA,3830
BWI,DEN,910112
BWI,DFW,483489
BWI,DLH,178
BWI,DPA,8
BWI,DTW,486513
BWI,ECP,13562
BWI,EUG,439
BWI,EWR,3473
BWI,EYW,67
BWI,FAR,1389
BWI,FAT,810
BWI,FAY,59
BWI,FLL,979974
BWI,FNL,366
BWI,FNT,354
BWI,FRG,12
BWI,FWA,69
BWI,GPT,1594
BWI,GRK,245
BWI,GRR,92676
BWI,GSB,80
BWI,GSO,314
BWI,GSP,123992
BWI,HOU,387860
BWI,HPN,285
BWI,HSV,61
BWI,HTO,15
BWI,HVN,21934
BWI,IAD,3977
BWI,IAG,291
BWI,IAH,380124
BWI,ICT,1663
BWI,IFP,103
BWI,ILM,13989
BWI,IND,288312
BWI,ISP,298895
BWI,JAC,6
BWI,JAN,62811
BWI,JAX,339543
BWI,JFK,69974
BWI,LAF,198
BWI,LAL,528
BWI,LAN,496
BWI,LAS,608580
BWI,LAX,583862
BWI,LBB,373
BWI,LBE,6
BWI,LCK,259
BWI,LGA,10844
BWI,LGB,68
BWI,LIT,449
BWI,LNK,266
BWI,LUK,7
BWI,MCI,200050
BWI,MCN,26874
BWI,MCO,1434265
BWI,MDT,136
BWI,MDW,499339
BWI,MEM,61011
BWI,MHT,391858
BWI,MIA,620502
BWI,MKC,381
BWI,MKE,215487
BWI,MMU,18
BWI,MSN,140
BWI,MSP,423777
BWI,MSY,290163
BWI,MTJ,148
BWI,MVY,79
BWI,MYR,290884
BWI,N1Y,3
BWI,OAK,90565
BWI,OKC,481
BWI,ONT,600
BWI,ORD,579162
BWI,ORF,369390
BWI,OSU,3
BWI,PBI,323334
BWI,PDK,17
BWI,PDX,35742
BWI,PGD,6350
BWI,PGV,252
BWI,PHL,4399
BWI,PHX,326922
BWI,PIE,1256
BWI,PIT,265232
BWI,PUB,165
BWI,PVD,463405
BWI,PVU,1008
BWI,PWM,341584
BWI,RDU,422431
BWI,RFD,406
BWI,RIC,90310
BWI,ROC,305956
BWI,RSW,344155
BWI,SAN,272725
BWI,SAT,192413
BWI,SAV,212672
BWI,SBY,15
BWI,SCE,37
BWI,SDF,201530
BWI,SEA,179766
BWI,SFB,1158
BWI,SFO,135958
BWI,SHV,143
BWI,SJC,18678
BWI,SJU,406201
BWI,SLC,212843
BWI,SLN,90
BWI,SMF,10845
BWI,SMX,338
BWI,SRQ,324489
BWI,STL,302867
BWI,SYR,156312
BWI,TEB,64
BWI,TLH,348
BWI,TOL,1463
BWI,TPA,791000
BWI,TUL,359
BWI,TVC,369
BWI,TYS,129
BWI,USA,346
BWI,VPS,62916
BWI,WST,5
BWI,XNA,213
BWI,YIP,33
BXK,VNY,56
BZN,CLE,300
BZN,CLT,3862
BZN,CMH,76
BZN,COS,133
BZN,CRP,36
BZN,DAL,7920
BZN,DAY,207
BZN,DEN,681200
BZN,DFW,196539
BZN,ERI,206
BZN,EWR,83014
BZN,FNL,240
BZN,GEG,627
BZN,GRR,161
BZN,HHR,8
BZN,HLN,189
BZN,HOU,143
BZN,HPN,347
BZN,IAD,4313
BZN,IAH,13685
BZN,ICT,171
BZN,IDA,30
BZN,IND,120
BZN,JAC,512
BZN,JFK,15992
BZN,KOA,6
BZN,LAS,171256
BZN,LAX,85676
BZN,LGA,74
BZN,MCI,138
BZN,MDW,37753
BZN,MFR,159
BZN,MSO,308
BZN,MSP,260795
BZN,OAK,47
BZN,OKC,302
BZN,OMA,162
BZN,OR4,2
BZN,ORD,226913
BZN,PAH,263
BZN,PBI,6
BZN,PDX,40368
BZN,PHX,6
BZN,PIT,53
BZN,PSP,1
BZN,PUW,499
BZN,PWK,2
BZN,PWM,132
BZN,QMA,5
BZN,RAP,146
BZN,RST,334
BZN,SAN,9648
BZN,SBA,2
BZN,SDF,181
BZN,SEA,227476
BZN,SFO,79214
BZN,SGU,287
BZN,SJC,12
BZN,SLC,242670
BZN,SMF,578
BZN,SNA,8213
BZN,STS,4
BZN,SUX,546
BZN,TEB,35
BZN,TN8,9
BZN,TUL,125
BZN,VNY,16
C01,EGE,2
C01,MIA,2
C01,MRY,21
C01,MVY,2
C01,OAK,1
C01,RBK,4
C01,SFO,3
C01,SNA,5
C01,TEB,1
C01,VNY,1
CAE,CAK,273
CAE,CHS,49
CAE,CLE,486
CAE,CLL,771
CAE,CLT,296386
CAE,COU,417
CAE,DAB,130
CAE,DCA,104110
CAE,DFW,154094
CAE,DTW,75
CAE,ECP,63
CAE,ELP,180
CAE,EVV,47
CAE,EWN,42
CAE,EWR,158
CAE,EYW,127
CAE,FAY,22
CAE,FLL,868
CAE,GNV,133
CAE,GPT,2931
CAE,GSO,76
CAE,GSP,543
CAE,HHH,167
CAE,HPN,144
CAE,HSV,46
CAE,HVN,79
CAE,IAD,68154
CAE,IAH,123
CAE,IFP,314
CAE,ILM,134
CAE,IND,162
CAE,JAN,95
CAE,JFK,357
CAE,LAN,178
CAE,LAS,255
CAE,LAW,272
CAE,LAX,73
CAE,LEX,568
CAE,LGA,91303
CAE,LYH,100
CAE,MCO,302
CAE,MDT,46
CAE,MEM,496
CAE,MIA,1683
CAE,MSP,402
CAE,MSY,312
CAE,MYR,283
CAE,OKC,787
CAE,ORD,117110
CAE,ORF,509
CAE,PBI,186
CAE,PGV,34
CAE,PHL,58034
CAE,PHX,345
CAE,PIT,227
CAE,PNS,279
CAE,PVD,152
CAE,PWM,190
CAE,RDU,260
CAE,RIC,157
CAE,RNO,286
CAE,ROC,137
CAE,RSW,698
CAE,SAT,347
CAE,SAV,294
CAE,SFO,189
CAE,SGF,73
CAE,SJU,534
CAE,STT,377
CAE,SYR,154
CAE,TCL,434
CAE,TEB,4
CAE,TPA,296
CAE,TRI,49
CAE,TUL,72
CAE,TUP,554
CAE,TYS,161
CAE,XNA,223
CAK,CHS,53814
CAK,CLT,153818
CAK,CMH,188
CAK,CVG,63
CAK,DCA,30358
CAK,DSM,173
CAK,EWR,276
CAK,FLL,16313
CAK,GPT,4053
CAK,GSO,65
CAK,IFP,177
CAK,LAS,33419
CAK,LAX,8552
CAK,MCO,74961
CAK,MDW,10
CAK,MSP,105
CAK,MYR,13909
CAK,ORD,93995
CAK,ORF,8284
CAK,PBI,7179
CAK,PGD,36022
CAK,PIE,30358
CAK,RDU,15972
CAK,RFD,262
CAK,RIC,58
CAK,RSW,23654
CAK,SAV,38146
CAK,SFB,29756
CAK,SRQ,39416
CAK,SUX,68
CAK,TEB,7
CAK,TPA,30558
CAK,TRI,70
CAK,TYS,308
CBA,HNH,27
CBA,JNU,8
CCR,CLD,2
CCR,LAS,5686
CCR,MCO,17
CCR,MYF,6
CCR,PSP,8
CCR,SLC,14
CCR,SNA,11138
CCR,TRM,3
CCR,XXS,2
CDB,DUT,1467
CDB,KFP,148
CDB,KVC,891
CDB,NLG,39
CDB,PML,4
CDB,PTH,3
CDB,SDP,1189
CDB,SNP,117
CDB,STG,1
CDC,ELP,248
CDC,LIT,291
CDC,MSL,188
CDC,SGU,165
CDC,SLC,21038
CDC,SMF,276
CDL,FAI,3
CDL,ORV,7
CDL,OTZ,5
CDR,DEN,2511
CDV,DEN,146
CDV,JNU,427
CDV,SEA,145
CDV,YAK,20439
CDW,HTO,6
CDW,JFK,8
CDW,LWM,1
CDW,NYS,6
CDW,PBI,3
CDW,PNN,6
CDW,PVD,4
CDW,RIC,3
CDW,RKD,7
CDW,SYR,2
CEC,HHR,2605
CEC,LAX,55
CEC,LGB,13
CEC,MCE,52
CEC,OAK,12916
CEC,VEL,1
CEF,COU,290
CEF,LYH,334
CEF,RIC,156
CEM,FAI,174
CEM,IRC,173
CEZ,DEN,8847
CEZ,PHX,8399
CFT,DVT,28
CFT,PHX,93
CFT,SAD,12
CFT,SVC,6
CGA,HYL,10
CGA,KTB,40
CGA,WFB,206
CGF,DPA,2
CGF,LCI,5
CGF,MMU,12
CGF,OXC,10
CGF,PCT,3
CGF,PHL,10
CGI,CHS,224
CGI,HPN,12
CGI,LRU,234
CGI,ORD,5139
CGZ,SGU,8
CGZ,VNY,2
CHA,CID,154
CHA,CLE,201
CHA,CLT,248156
CHA,CRW,69
CHA,CSG,4
CHA,DCA,29474
CHA,DEN,179
CHA,DFW,185768
CHA,DSM,4
CHA,DTW,40380
CHA,ECP,82
CHA,EWR,176
CHA,GEG,345
CHA,GPT,2149
CHA,HPN,99
CHA,IAD,54
CHA,IAH,133
CHA,IFP,1228
CHA,ILM,95
CHA,IND,178
CHA,JAN,37
CHA,JFK,67
CHA,LAS,13014
CHA,LAX,353
CHA,LGA,7003
CHA,MDT,104
CHA,MDW,105
CHA,MIA,1268
CHA,MLI,124
CHA,ORD,113009
CHA,PDX,222
CHA,PHL,225
CHA,PHX,175
CHA,PIE,33051
CHA,PIT,1
CHA,POB,53
CHA,RDU,391
CHA,RNO,619
CHA,SBN,142
CHA,SFB,31172
CHA,SGF,74
CHA,SHV,175
CHA,SRQ,164
CHA,TPA,268
CHA,TUL,72
CHA,TYS,459
CHA,XNA,67
CHO,CLT,227399
CHO,CMH,75
CHO,CVG,1
CHO,DAL,39
CHO,DAY,229
CHO,DCA,345
CHO,DFW,353
CHO,EWR,155
CHO,FOK,2
CHO,FRG,3
CHO,GNV,288
CHO,GSO,192
CHO,GSP,587
CHO,GTR,126
CHO,HPN,16
CHO,HTO,6
CHO,HVN,4
CHO,IAD,86141
CHO,JAX,100
CHO,LGA,136716
CHO,LYH,127
CHO,MCI,75
CHO,MEM,144
CHO,MHK,140
CHO,MIA,124
CHO,MMU,4
CHO,MSY,73
CHO,MTP,8
CHO,MYR,479
CHO,OKC,122
CHO,OMA,137
CHO,ORD,76420
CHO,OWD,8
CHO,PA5,10
CHO,PCT,1
CHO,PHL,631
CHO,PHX,6
CHO,PIB,293
CHO,PIT,489
CHO,RDU,125
CHO,RIC,497
CHO,ROA,166
CHO,SBN,783
CHO,SDF,573
CHO,SJC,7
CHO,SLC,1
CHO,SYR,74
CHO,TEB,31
CHO,TLH,156
CHO,TRI,92
CHO,TTN,3
CHS,CLE,8385
CHS,CLT,614323
CHS,CMH,22198
CHS,CMI,208
CHS,CRP,263
CHS,CRW,133
CHS,CTH,25
CHS,CVG,52745
CHS,DAB,363
CHS,DAL,82177
CHS,DCA,233972
CHS,DEN,185367
CHS,DFW,301997
CHS,DTW,87600
CHS,ELP,148
CHS,EWR,323830
CHS,FLL,154577
CHS,FLO,18
CHS,FOK,32
CHS,FSD,148
CHS,GEG,378
CHS,GJT,260
CHS,GPT,2375
CHS,GRB,135
CHS,GSO,127
CHS,GSP,45
CHS,HHH,288
CHS,HOU,47382
CHS,HPN,74129
CHS,HVN,27342
CHS,IAD,149427
CHS,IAH,111112
CHS,ILM,169
CHS,IND,6958
CHS,ISP,21562
CHS,JAX,221
CHS,JFK,270284
CHS,LAS,36471
CHS,LAX,20098
CHS,LCK,3956
CHS,LEX,111
CHS,LGA,246699
CHS,LIT,167
CHS,LNK,120
CHS,LWB,2
CHS,MAF,165
CHS,MCI,113
CHS,MCO,32051
CHS,MDT,126
CHS,MDW,115270
CHS,MHT,11739
CHS,MIA,151799
CHS,MLB,222
CHS,MSP,78026
CHS,MSY,42869
CHS,MYR,982
CHS,OAJ,57
CHS,OKC,146
CHS,ORD,226438
CHS,ORF,19984
CHS,PBI,11672
CHS,PHL,263848
CHS,PHX,9251
CHS,PIA,232
CHS,PIT,55099
CHS,PSM,4
CHS,PVD,70526
CHS,PWM,24612
CHS,RDU,1478
CHS,RIC,14690
CHS,ROC,146
CHS,RSW,19150
CHS,SAN,461
CHS,SAT,167
CHS,SAV,771
CHS,SDF,19364
CHS,SEA,103939
CHS,SFO,18
CHS,SHV,141
CHS,SJU,376
CHS,SRQ,238
CHS,STL,9540
CHS,STT,124
CHS,SWF,20266
CHS,SWO,115
CHS,SYR,20841
CHS,TLH,106
CHS,TPA,77716
CHS,TYS,180
CHS,VRB,4
CHU,CKD,87
CHU,HCR,6
CHU,KKI,8
CHU,KLG,20
CHU,KSM,7
CHU,KWT,2
CHU,RDV,2
CHU,RSH,7
CHU,SCM,3
CHU,SHX,4
CHU,SLQ,29
CHU,SRV,11
CHU,TLT,3
CHU,WNA,1
CIC,OGG,8
CID,CKB,94
CID,CLE,450
CID,CLT,133736
CID,CMH,644
CID,CMI,136
CID,DCA,54844
CID,DEN,258851
CID,DFW,183901
CID,DSM,940
CID,DTW,184
CID,EWR,418
CID,FLL,22546
CID,FSD,39
CID,GPT,326
CID,HSV,103
CID,IAD,56
CID,ICT,57
CID,IFP,358
CID,IND,220
CID,LAF,134
CID,LAN,486
CID,LAS,31739
CID,LAX,7870
CID,LNK,340
CID,LSE,27
CID,MCI,143
CID,MCO,2610
CID,MGM,370
CID,MHK,40
CID,MIA,2014
CID,MKE,123
CID,MLI,58
CID,MSN,133
CID,MSP,103982
CID,MSY,244
CID,OMA,430
CID,ORD,311533
CID,ORF,60
CID,ORH,90
CID,PAH,159
CID,PDX,276
CID,PGD,45629
CID,PHX,86946
CID,PIE,42878
CID,PIT,45
CID,RST,68
CID,SAN,135
CID,SAT,117
CID,SCE,232
CID,SEA,531
CID,SFB,40599
CID,SLC,124
CID,SRQ,9041
CID,STL,62
CID,TTN,118
CID,TUL,122
CID,YIP,188
CIK,FAI,1137
CIK,FYU,794
CIK,IRC,8
CIK,KBC,191
CIK,SCC,1
CIK,SVS,2
CIK,VEE,10
CIK,WBQ,5
CIL,OME,2
CIU,DTW,28080
CIU,MSP,23924
CIU,PIT,28
CKB,CLT,21627
CKB,CVG,168
CKB,DAL,505
CKB,DFW,321
CKB,DSM,403
CKB,FOE,450
CKB,GSO,17
CKB,HOU,49
CKB,HVN,115
CKB,LBB,436
CKB,LUK,56
CKB,MHK,472
CKB,MKC,292
CKB,MQY,2
CKB,MYR,6171
CKB,OKC,265
CKB,PIE,15795
CKB,PKB,6
CKB,PVU,102
CKB,RDU,16
CKB,SFB,32690
CKB,SHD,16
CKB,SWO,285
CKB,TUS,173
CKB,VPS,2416
CKD,HCR,2
CKD,KGX,1
CKD,KLG,4
CKD,KSM,7
CKD,RDV,27
CKD,RSH,1
CKD,SHX,1
CKD,SLQ,69
CKD,SRV,22
CKD,WTL,1
CKU,VDZ,5
CKX,TKJ,26
CLD,CMH,2
CLD,COU,2
CLD,CXL,5
CLD,DVT,8
CLD,EGE,8
CLD,FAT,6
CLD,GUC,7
CLD,HHR,12
CLD,JAC,25
CLD,LAS,20871
CLD,LAX,5
CLD,LUK,4
CLD,MDN,1
CLD,MDW,26
CLD,MEV,1
CLD,MHR,14
CLD,MMH,3587
CLD,MRY,19
CLD,OAK,6
CLD,RIL,7
CLD,RNO,9
CLD,SAF,19
CLD,SBA,4
CLD,SCF,7836
CLD,SCK,16
CLD,SDX,2
CLD,SFO,2
CLD,SLC,17
CLD,SMF,4
CLD,SMO,2
CLD,SNA,7
CLD,SQA,5
CLD,SQL,4
CLD,STL,5
CLD,TKF,12
CLD,TSM,1460
CLD,TVL,2
CLD,UDD,2
CLD,VGT,4
CLD,VNY,6
CLE,CLT,503212
CLE,CMH,1497
CLE,COS,136
CLE,CRP,164
CLE,CVG,980
CLE,DAL,118
CLE,DAY,47
CLE,DCA,154537
CLE,DEN,561902
CLE,DFW,481791
CLE,DLH,53
CLE,DSM,158
CLE,DTW,191394
CLE,EWR,400125
CLE,FLL,326649
CLE,FWA,49
CLE,GPT,3804
CLE,GRB,557
CLE,GRR,250
CLE,GSP,146
CLE,HOU,90
CLE,HPN,156
CLE,IAD,225877
CLE,IAH,299263
CLE,ICT,169
CLE,IFP,1948
CLE,IND,653
CLE,JAX,8909
CLE,JFK,194261
CLE,LAS,289667
CLE,LAX,204765
CLE,LGA,349954
CLE,LGB,126
CLE,LIT,169
CLE,LWB,380
CLE,MCI,523
CLE,MCO,629986
CLE,MDT,124
CLE,MDW,277685
CLE,MEM,328
CLE,MIA,183414
CLE,MKC,134
CLE,MKE,656
CLE,MLI,52
CLE,MRY,83
CLE,MSN,69
CLE,MSP,230433
CLE,MSY,7418
CLE,MYR,47212
CLE,OKC,191
CLE,OMA,157
CLE,ORD,739205
CLE,ORF,160
CLE,PBI,424
CLE,PDX,222
CLE,PHL,229356
CLE,PHX,266125
CLE,PIE,24
CLE,PIT,4615
CLE,PNS,7022
CLE,PSM,7
CLE,PTK,192
CLE,PVD,91
CLE,PWM,161
CLE,RDU,55098
CLE,RSW,303387
CLE,SAN,176
CLE,SAT,466
CLE,SAV,7233
CLE,SDF,139
CLE,SEA,137771
CLE,SFB,139
CLE,SFM,2
CLE,SFO,128244
CLE,SHV,136
CLE,SJC,84
CLE,SJU,61648
CLE,SLC,24558
CLE,SMF,51
CLE,SNA,223
CLE,SPS,110
CLE,SRQ,71482
CLE,STL,171859
CLE,SYR,173
CLE,TPA,302260
CLE,TUL,115
CLE,TUS,97
CLE,TVC,116
CLE,VNY,14
CLL,CMH,78
CLL,COU,551
CLL,CSG,806
CLL,DCA,154
CLL,DEN,76
CLL,DFW,120223
CLL,ECP,60
CLL,ELP,459
CLL,EUG,235
CLL,FAR,52
CLL,GJT,71
CLL,GNV,1088
CLL,GRR,72
CLL,GSO,39
CLL,GSP,103
CLL,GTR,80
CLL,HOU,116
CLL,HRL,75
CLL,HSV,49
CLL,IAH,1057
CLL,ILM,71
CLL,INT,39
CLL,JAN,125
CLL,LAS,1272
CLL,LBB,58
CLL,LEX,204
CLL,LFT,62
CLL,LNK,90
CLL,LRU,154
CLL,MCI,37
CLL,MCO,634
CLL,MEM,895
CLL,MGM,164
CLL,MGW,72
CLL,MHK,75
CLL,MIA,310
CLL,MKE,60
CLL,MOB,71
CLL,OMA,174
CLL,ORD,471
CLL,PHX,30
CLL,PNS,50
CLL,PVU,392
CLL,SAN,75
CLL,SBN,388
CLL,TCL,371
CLL,TEB,2
CLL,TOL,347
CLL,TRI,68
CLL,TUP,798
CLL,TXK,49
CLL,TYS,144
CLL,XNA,305
CLM,SAN,4
CLP,DLG,1536
CLP,KEK,5
CLP,KMO,942
CLP,KNW,17
CLP,TOG,12
CLP,TWA,8
CLT,CMH,424657
CLT,COS,702
CLT,CRW,123280
CLT,CSG,88
CLT,CVG,417333
CLT,DAB,210169
CLT,DAL,100570
CLT,DAY,168875
CLT,DCA,705653
CLT,DEN,904941
CLT,DFW,1331220
CLT,DLH,91
CLT,DSM,182459
CLT,DTW,773561
CLT,ECP,172718
CLT,ELP,169
CLT,ERI,88204
CLT,EVV,79241
CLT,EWN,155648
CLT,EWR,987702
CLT,EYW,245469
CLT,FAT,175
CLT,FAY,193076
CLT,FLL,1111838
CLT,FLO,47544
CLT,FNL,124
CLT,FRG,4
CLT,FWA,100381
CLT,GEG,26548
CLT,GNV,158512
CLT,GPT,133445
CLT,GRR,289433
CLT,GSO,393499
CLT,GSP,439948
CLT,GTR,216
CLT,HHH,123688
CLT,HOU,14945
CLT,HPN,163020
CLT,HSV,227835
CLT,HTS,60529
CLT,IAD,400355
CLT,IAG,337
CLT,IAH,841581
CLT,ICT,181
CLT,ILM,508481
CLT,IND,538480
CLT,JAC,27538
CLT,JAN,142632
CLT,JAX,668179
CLT,JFK,684995
CLT,LAN,262
CLT,LAS,864261
CLT,LAX,1031136
CLT,LBE,181
CLT,LEX,285211
CLT,LFT,41513
CLT,LGA,1384132
CLT,LIT,187866
CLT,LUK,83
CLT,LWB,16063
CLT,LYH,157991
CLT,MCI,402107
CLT,MCO,1695122
CLT,MDT,336642
CLT,MDW,201095
CLT,MEM,460727
CLT,MGM,64482
CLT,MHT,150195
CLT,MIA,1177203
CLT,MKE,246963
CLT,MLB,145692
CLT,MLI,85994
CLT,MOB,95118
CLT,MQY,5
CLT,MSL,13171
CLT,MSN,201248
CLT,MSP,591823
CLT,MSY,542884
CLT,MVY,1324
CLT,MYR,447808
CLT,OAJ,171082
CLT,OKC,196064
CLT,OMA,225539
CLT,ONT,120633
CLT,ORD,1255127
CLT,ORF,546817
CLT,PAH,24874
CLT,PBI,582109
CLT,PDX,125214
CLT,PGV,79332
CLT,PHF,135485
CLT,PHL,1065515
CLT,PHX,1048137
CLT,PIA,92447
CLT,PIT,548190
CLT,PKB,811
CLT,PNS,329072
CLT,PSP,208
CLT,PVD,436562
CLT,PWM,206015
CLT,RAP,24376
CLT,RDU,1065491
CLT,RIC,719822
CLT,ROA,235522
CLT,ROC,241005
CLT,RSW,597937
CLT,SAN,531188
CLT,SAT,402087
CLT,SAV,439518
CLT,SBN,149438
CLT,SBY,86240
CLT,SDF,363555
CLT,SEA,453392
CLT,SFO,552086
CLT,SGF,165749
CLT,SHD,15576
CLT,SHV,100900
CLT,SJU,389853
CLT,SLC,290753
CLT,SMF,127486
CLT,SNA,114481
CLT,SRQ,367711
CLT,STL,521225
CLT,STT,146656
CLT,STX,39988
CLT,SYR,299957
CLT,TLH,155472
CLT,TN8,60
CLT,TOL,108
CLT,TPA,1125683
CLT,TRI,164347
CLT,TTN,11858
CLT,TUL,164651
CLT,TUP,16
CLT,TUS,501
CLT,TVC,26595
CLT,TYS,369655
CLT,VPS,242394
CLT,XNA,248290
CLT,YIP,4
CMH,CMI,245
CMH,CPS,275
CMH,CRP,74
CMH,CRW,205
CMH,CVG,799
CMH,DAB,72
CMH,DAL,106316
CMH,DAY,109
CMH,DCA,259421
CMH,DEN,483172
CMH,DFW,408110
CMH,DLH,37
CMH,DTW,180007
CMH,EUG,954
CMH,EWR,277492
CMH,FLL,321686
CMH,FOK,1
CMH,FRG,84
CMH,FWA,70
CMH,GPT,3967
CMH,GRR,55
CMH,GSO,75
CMH,GSP,434
CMH,HOU,85454
CMH,HPN,331
CMH,HTS,29
CMH,IAD,175162
CMH,IAH,171470
CMH,ICT,250
CMH,IFP,1370
CMH,IND,504
CMH,JAX,5507
CMH,JFK,209354
CMH,LAF,452
CMH,LAN,464
CMH,LAS,320693
CMH,LAW,75
CMH,LAX,116600
CMH,LBB,69
CMH,LEX,162
CMH,LGA,375169
CMH,LGB,383
CMH,LIT,288
CMH,LNK,573
CMH,MCI,5916
CMH,MCO,547026
CMH,MDT,285
CMH,MDW,311699
CMH,MEM,126
CMH,MFD,4
CMH,MIA,109195
CMH,MKC,165
CMH,MKE,95
CMH,MLB,76
CMH,MQY,1
CMH,MSN,346
CMH,MSO,162
CMH,MSP,241943
CMH,MSY,4576
CMH,MYR,10603
CMH,OAK,75
CMH,OKC,60
CMH,OMA,407
CMH,ONT,50
CMH,OPF,2
CMH,ORD,556570
CMH,ORF,5550
CMH,PAE,126
CMH,PBI,5503
CMH,PDX,1518
CMH,PHL,219370
CMH,PHX,280374
CMH,PIE,107
CMH,PIT,2347
CMH,PLN,7
CMH,PSM,239
CMH,PVD,5124
CMH,RAP,103
CMH,RDU,13162
CMH,RIC,224
CMH,RNO,594
CMH,ROC,27
CMH,RSW,176452
CMH,SAN,3152
CMH,SAT,461
CMH,SAV,154
CMH,SBA,101
CMH,SBN,82
CMH,SCE,702
CMH,SDF,385
CMH,SEA,139924
CMH,SFO,68513
CMH,SHV,73
CMH,SJC,54
CMH,SJU,306
CMH,SLC,54770
CMH,SLN,30
CMH,SMF,157
CMH,SNA,5329
CMH,SPI,134
CMH,SRQ,35913
CMH,STL,142060
CMH,SUS,12
CMH,SYR,131
CMH,TEB,10
CMH,TPA,204109
CMH,TTN,72
CMH,TUL,73
CMH,TYS,329
CMH,VNY,9
CMH,XNA,278
CMI,CVG,109
CMI,DFW,81260
CMI,DTW,355
CMI,ECP,44
CMI,EUG,493
CMI,EWR,452
CMI,FOE,329
CMI,ICT,46
CMI,IND,51
CMI,LAN,623
CMI,LNK,496
CMI,MAF,69
CMI,MCO,278
CMI,MDW,1
CMI,MKC,129
CMI,MSN,181
CMI,MSP,820
CMI,OMA,181
CMI,ORD,83295
CMI,ORF,74
CMI,PDX,138
CMI,PIA,134
CMI,PVU,3
CMI,SCE,615
CMI,SDF,51
CMI,SPS,66
CMI,TUL,78
CMI,TUP,92
CMI,VNY,5
CMI,YIP,143
CMX,ORD,51750
CMX,PTK,6
CNM,FHU,9
CNM,LRU,4
CNM,PHX,2526
CNM,ROW,4
CNM,SHV,8
CNM,SVC,9
CNO,TUS,1
CNW,DFW,163
CNY,DEN,779
CNY,DSM,4
CNY,LAS,4
CNY,LAX,9
CNY,PGA,115
CNY,PHX,20207
CNY,SLC,6
CNY,VEL,9
COD,DEN,75977
COD,TEB,2
COD,VNY,2
COE,HSH,9
COE,LAS,2
COE,OGG,5
COE,PAE,16
COE,RNT,2
COE,SCF,16
COE,SUS,10
COE,VNY,39
CON,HPN,6
CON,TEB,14
COS,CVG,72
COS,DAL,230553
COS,DCA,148
COS,DEN,791192
COS,DFW,416943
COS,DLH,72
COS,DTW,409
COS,EGE,4
COS,ELP,81
COS,EUG,423
COS,EWR,641
COS,FAT,482
COS,FLL,165
COS,FRG,11
COS,FSD,126
COS,GEG,179
COS,GFK,85
COS,GRR,252
COS,HDN,115
COS,HOU,24598
COS,IAH,70255
COS,ICT,142
COS,IDA,100
COS,IFP,889
COS,IND,595
COS,INS,39
COS,JAC,117
COS,JAX,218
COS,JFK,170
COS,LAS,220258
COS,LAX,346
COS,LBB,292
COS,LGA,704
COS,LGB,40712
COS,LIT,142
COS,MAF,132
COS,MCI,395
COS,MCO,1393
COS,MDW,108446
COS,MEM,138
COS,MHT,243
COS,MIA,172
COS,MKE,148
COS,MMU,7
COS,MSN,115
COS,MSO,209
COS,MSP,30939
COS,MSY,137
COS,MTJ,268
COS,N1C,145
COS,OAK,98
COS,ODW,1
COS,OFF,39
COS,OGD,5
COS,OKC,367
COS,OMA,293
COS,ONT,378
COS,ORD,87237
COS,PDX,130
COS,PHL,124
COS,PHX,239917
COS,PIT,144
COS,PSP,167
COS,PUB,143
COS,PVD,165
COS,PWM,107
COS,RAP,102
COS,RDU,141
COS,RNO,675
COS,ROC,30
COS,SAN,5138
COS,SAT,5030
COS,SAV,126
COS,SCF,2
COS,SEA,446
COS,SFO,793
COS,SJC,257
COS,SJU,640
COS,SLC,45880
COS,SMF,293
COS,SNA,102
COS,STL,169
COS,SUU,95
COS,SWF,348
COS,SYR,111
COS,TPA,431
COS,TUL,138
COS,TVC,179
COS,TVL,1
COS,WRI,292
COU,CSG,136
COU,DAL,69
COU,DFW,119796
COU,DWH,2
COU,EVV,2
COU,FYV,96
COU,GNV,342
COU,GRR,50
COU,GSP,294
COU,GTR,146
COU,MCI,69
COU,MEM,85
COU,MGM,354
COU,MKE,84
COU,MSY,54
COU,OKC,336
COU,ORD,80342
COU,PIA,31
COU,PNS,76
COU,RDU,138
COU,RST,55
COU,SBA,2
COU,SGF,34
COU,TCL,325
COU,TUP,252
COU,TXK,58
COU,XNA,393
CPR,DEN,174036
CPR,IFP,349
CPR,MSP,116
CPR,RKS,31
CPR,SLC,24457
CPS,CVG,118
CPS,DAL,1774
CPS,DAY,107
CPS,DEN,261
CPS,DTW,107
CPS,EGE,49
CPS,EWR,285
CPS,FLL,49
CPS,FRG,175
CPS,FSD,87
CPS,HOU,225
CPS,HPN,266
CPS,IAD,448
CPS,JFK,191
CPS,LAS,155
CPS,LAX,156
CPS,LGB,64
CPS,LUK,373
CPS,MDW,400
CPS,MIA,69
CPS,MKC,61
CPS,MKE,302
CPS,MNZ,2
CPS,MSP,455
CPS,OAK,126
CPS,ONT,51
CPS,ORD,351
CPS,PHL,334
CPS,PHX,119
CPS,PIE,200
CPS,PIT,250
CPS,PVD,113
CPS,RDU,106
CPS,SAN,127
CPS,SDF,2
CPS,SFO,123
CPS,SJC,48
CPS,SLC,2
CPS,TPA,167
CPX,JRV,8483
CPX,SIG,7619
CPX,SJU,13463
CPX,VQS,775
CRG,OPF,12
CRG,PBI,14
CRG,PIE,6
CRG,SPG,4
CRG,SUA,2
CRG,TPA,107
CRG,TPF,14
CRP,CVG,57
CRP,DAL,2815
CRP,DCA,174
CRP,DEN,250
CRP,DFW,295363
CRP,DTW,287
CRP,ECP,284
CRP,ELP,144
CRP,EUG,192
CRP,GJT,200
CRP,GPT,3282
CRP,HOU,216419
CRP,HRL,154
CRP,IAH,217851
CRP,IFP,1440
CRP,JAN,196
CRP,JAX,75
CRP,LAS,423
CRP,LAX,555
CRP,LFT,45
CRP,LGA,171
CRP,LIT,53
CRP,LRU,186
CRP,MAF,122
CRP,MCO,335
CRP,MDW,164
CRP,MEM,276
CRP,MFE,67
CRP,MIA,320
CRP,MKE,66
CRP,MSP,75
CRP,MSY,322
CRP,NGU,92
CRP,OKC,111
CRP,OMA,142
CRP,ONT,154
CRP,ORD,404
CRP,PHX,367
CRP,PIB,157
CRP,PIT,271
CRP,PNS,139
CRP,RNO,1231
CRP,SAN,170
CRP,SAT,389
CRP,SAV,143
CRP,SDF,53
CRP,SFO,301
CRP,SJC,290
CRP,SMF,310
CRP,TPA,158
CRP,TUL,254
CRP,TUS,26
CRP,TXK,67
CRP,VPS,146
CRP,XNA,45
CRS,LAS,2
CRW,CVG,75
CRW,DCA,27105
CRW,ELP,99
CRW,EWR,3186
CRW,HPN,9
CRW,IAD,19
CRW,JAX,184
CRW,LUK,3
CRW,MCO,27784
CRW,MHT,122
CRW,MKE,88
CRW,MYR,6434
CRW,ORD,77936
CRW,PHL,72
CRW,PIT,154
CRW,ROA,63
CRW,SC6,2
CRW,SDF,72
CRW,TPA,300
CSG,ELP,116
CSG,GTR,48
CSG,HRL,2173
CSG,JAX,301
CSG,LRD,47
CSG,MIA,1403
CSG,OMA,205
CSG,RIC,89
CSG,SAN,483
CSG,SAT,16
CSG,SAV,88
CSG,XNA,168
CSN,LAX,7
CT1,HYA,6
CT1,PWM,1
CT1,WVL,4
CT5,DXR,16
CT6,NYS,4
CT7,PNN,2
CTH,DRO,2
CTH,ERI,2
CTH,SJU,2
CVG,DAB,156
CVG,DAL,62
CVG,DAY,112
CVG,DCA,203820
CVG,DEN,517479
CVG,DFW,522908
CVG,DLH,83
CVG,DSM,571
CVG,DTW,186948
CVG,ELD,1
CVG,EWR,258349
CVG,EYW,22880
CVG,FAR,63
CVG,FLL,228210
CVG,FOE,271
CVG,FTW,151
CVG,GNV,76
CVG,GPT,1573
CVG,GRR,283
CVG,GSO,140
CVG,GSP,404
CVG,HOU,522
CVG,HPN,449
CVG,HRL,7
CVG,HSV,62
CVG,IAD,138956
CVG,IAH,201474
CVG,IDA,93
CVG,IFP,523
CVG,IND,1780
CVG,INT,72
CVG,JAX,39494
CVG,JFK,212947
CVG,LAS,222289
CVG,LAX,119661
CVG,LBB,792
CVG,LEX,234
CVG,LGA,315185
CVG,LGB,65
CVG,LRD,6
CVG,MCI,651
CVG,MCO,528407
CVG,MDT,197
CVG,MDW,158461
CVG,MEM,172
CVG,MHK,594
CVG,MIA,194540
CVG,MKC,516
CVG,MKE,508
CVG,MLB,2936
CVG,MSN,59
CVG,MSO,198
CVG,MSP,286458
CVG,MSY,23754
CVG,MYR,35332
CVG,OKC,524
CVG,OMA,213
CVG,ORD,479546
CVG,ORF,6312
CVG,PBI,22672
CVG,PGD,95982
CVG,PHL,196250
CVG,PHX,163722
CVG,PIA,45
CVG,PIE,108410
CVG,PIT,1177
CVG,PNS,11936
CVG,PVD,13166
CVG,PVU,146
CVG,PWM,5799
CVG,RDU,58089
CVG,RFD,285
CVG,RIC,1
CVG,ROA,55
CVG,ROC,5
CVG,RSW,223142
CVG,SAN,12636
CVG,SAT,236
CVG,SAV,44634
CVG,SDF,752
CVG,SEA,198689
CVG,SFB,99806
CVG,SFO,30973
CVG,SJC,158
CVG,SJU,318
CVG,SLC,204365
CVG,SNA,159
CVG,SRQ,68710
CVG,STL,402
CVG,SYR,75
CVG,TLH,85
CVG,TPA,274624
CVG,TUL,155
CVG,TUS,381
CVG,TYS,116
CVG,USA,59
CVG,VPS,114639
CVG,XNA,404
CVN,DEN,11185
CVN,DFW,12498
CVO,PUW,28
CWA,DCA,1452
CWA,IFP,2609
CWA,LAN,48
CWA,MCO,15453
CWA,MLI,85
CWA,MSN,55
CWA,MSP,84482
CWA,OMA,539
CWA,ORD,75888
CWA,ORF,64
CWA,RHI,57
CWA,RNO,179
CWF,EGE,4
CWF,LAS,6
CWF,OGD,326
CWF,SLC,242
CXF,ENN,21
CXF,FAI,11221
CXF,HKB,1257
CXF,HUS,1
CXF,KBC,2
CXF,PPC,10
CXF,RMP,1
CXF,SCC,3
CXF,WCR,16
CXL,HHR,71
CXL,SNA,4
CYF,DLG,4
CYF,HPB,36
CYF,KKH,67
CYF,KOT,8
CYF,KPN,2951
CYF,KUK,36
CYF,KWK,74
CYF,KWT,30
CYF,MLL,4
CYF,MYU,77
CYF,NME,114
CYF,NUP,78
CYF,OOK,234
CYF,PKA,4
CYF,PTU,11
CYF,TNK,19
CYF,WNA,12
CYF,WTL,46
CYF,WWT,89
CYS,DEN,53321
CYS,GEG,251
CYS,MCI,146
CYS,OKC,140
CYS,ONT,231
CYS,PVU,160
CZN,TKJ,258
DAB,DCA,3180
DAB,DFW,325
DAB,DSM,225
DAB,DTW,697
DAB,EWR,453
DAB,FLL,357
DAB,FYV,63
DAB,GNV,206
DAB,GPT,5509
DAB,HPN,2659
DAB,HVN,31103
DAB,ILG,5331
DAB,JAN,277
DAB,JAX,343
DAB,JFK,265
DAB,LGA,465
DAB,MCO,1393
DAB,MGM,300
DAB,MIA,168
DAB,MLB,138
DAB,MLU,276
DAB,MYR,60
DAB,OMA,30
DAB,OPF,16
DAB,PBI,70
DAB,PVD,80
DAB,RIC,155
DAB,SPG,12
DAB,SWO,86
DAB,SYR,117
DAG,HHR,12
DAL,DCA,428722
DAL,DEN,827280
DAL,DFW,76
DAL,DSI,5734
DAL,DSM,352
DAL,DTW,1814
DAL,DWH,3
DAL,ECP,170243
DAL,EFD,88
DAL,ELP,400202
DAL,EWR,483
DAL,FAT,3048
DAL,FLL,199188
DAL,FRG,82
DAL,FSD,356
DAL,GEG,2709
DAL,GGG,10
DAL,GLH,1
DAL,GNV,38
DAL,GRR,300
DAL,GSP,267
DAL,GUC,7374
DAL,HDN,22028
DAL,HOB,8
DAL,HOU,926731
DAL,HPN,179
DAL,HRL,71248
DAL,HSV,90
DAL,IAD,517
DAL,IAH,100108
DAL,IND,186665
DAL,IPL,4
DAL,ISP,500
DAL,JAN,262
DAL,JAX,42053
DAL,JFK,230
DAL,LAL,132
DAL,LAS,771449
DAL,LAX,475854
DAL,LBB,355927
DAL,LBL,2
DAL,LGA,400416
DAL,LGB,179703
DAL,LIT,228367
DAL,LOT,9
DAL,MAF,271392
DAL,MCI,449653
DAL,MCO,704280
DAL,MDT,618
DAL,MDW,575238
DAL,MEM,127716
DAL,MIA,124824
DAL,MKC,196
DAL,MKE,108037
DAL,MSO,840
DAL,MSP,22046
DAL,MSY,516673
DAL,MTJ,21987
DAL,MYR,10591
DAL,OAK,193360
DAL,OKC,9068
DAL,OMA,106830
DAL,ONT,112853
DAL,OPF,9742
DAL,ORD,256648
DAL,ORF,21027
DAL,PBI,1433
DAL,PDX,45030
DAL,PGV,215
DAL,PHL,14775
DAL,PHX,779168
DAL,PIE,130
DAL,PIT,93601
DAL,PNS,119115
DAL,PRB,12
DAL,PSC,7
DAL,PSP,31915
DAL,PUB,7
DAL,PVD,4543
DAL,PVU,330
DAL,RDU,116339
DAL,RIC,316
DAL,RNO,20057
DAL,RSW,38084
DAL,SAF,74
DAL,SAN,393633
DAL,SAT,597987
DAL,SAV,92220
DAL,SBA,53
DAL,SCE,556
DAL,SCF,2344
DAL,SDF,35229
DAL,SEA,109616
DAL,SEF,1
DAL,SFB,331
DAL,SFO,6780
DAL,SHV,117
DAL,SJC,164809
DAL,SLC,184575
DAL,SMF,163538
DAL,SNA,90572
DAL,SRQ,33778
DAL,SSF,14
DAL,STL,463562
DAL,SUS,5
DAL,SWF,145
DAL,SYR,234
DAL,T4X,5
DAL,TCL,69
DAL,TEB,20
DAL,TLH,169
DAL,TN8,46
DAL,TPA,341352
DAL,TSM,4006
DAL,TUL,232420
DAL,TUS,28453
DAL,TVC,79
DAL,TYS,355
DAL,UOX,10
DAL,USA,339
DAL,VGT,4
DAL,VLD,193
DAL,VNY,14
DAL,VPS,107728
DAL,XNA,163
DAY,DCA,117822
DAY,DEN,49363
DAY,DFW,177228
DAY,DSM,122
DAY,DTW,561
DAY,EWR,177
DAY,FNL,121
DAY,FWA,193
DAY,GFK,179
DAY,GPT,2580
DAY,GRR,25
DAY,GSP,204
DAY,HOU,69
DAY,HPN,151
DAY,IAD,66632
DAY,IFP,356
DAY,IND,239
DAY,JFK,64
DAY,LAS,77
DAY,LGA,47334
DAY,MAF,65
DAY,MCI,53
DAY,MDT,53
DAY,MEM,300
DAY,MIA,147
DAY,MKE,99
DAY,MLI,73
DAY,MLU,71
DAY,ORD,244059
DAY,PGD,28644
DAY,PHL,34326
DAY,PIE,29814
DAY,PVD,191
DAY,PWK,60
DAY,RIC,377
DAY,RNO,318
DAY,SAT,121
DAY,SBN,67
DAY,SCE,46
DAY,SDF,6
DAY,SEA,174
DAY,SFB,22427
DAY,SFO,176
DAY,SHV,67
DAY,SLC,112
DAY,SLN,120
DAY,SPS,142
DAY,STL,40
DAY,SWF,197
DAY,TUS,430
DBQ,GPT,956
DBQ,IAD,658
DBQ,IFP,1393
DBQ,LAS,497
DBQ,MCO,6919
DBQ,MSP,119
DBQ,OPF,12
DBQ,ORD,2110
DCA,DEN,472861
DCA,DFW,950867
DCA,DSM,80054
DCA,DTW,518291
DCA,ECP,33483
DCA,ERI,7
DCA,ESC,351
DCA,EVV,755
DCA,EWR,260868
DCA,EYW,62369
DCA,FAY,9
DCA,FLL,596782
DCA,FSD,2272
DCA,FWA,1512
DCA,GRB,276
DCA,GRR,73541
DCA,GSO,65725
DCA,GSP,94508
DCA,HHH,24988
DCA,HOU,248475
DCA,HPN,123722
DCA,HSV,143683
DCA,HYA,8321
DCA,IAD,12188
DCA,IAH,495887
DCA,ICT,34180
DCA,ILM,76722
DCA,IND,252662
DCA,JAN,25532
DCA,JAX,257656
DCA,JFK,272366
DCA,LAF,373
DCA,LAN,25459
DCA,LAS,120364
DCA,LAX,474329
DCA,LBB,163
DCA,LEX,18857
DCA,LGA,587654
DCA,LIT,45179
DCA,LSE,736
DCA,LYH,51
DCA,MCI,312342
DCA,MCO,1269809
DCA,MDT,273
DCA,MDW,491498
DCA,MEM,125814
DCA,MGM,28188
DCA,MHT,134183
DCA,MIA,1075600
DCA,MKE,204375
DCA,MLB,2750
DCA,MSN,101975
DCA,MSP,503048
DCA,MSY,337254
DCA,MVY,28746
DCA,MWA,740
DCA,MYR,67120
DCA,OKC,128931
DCA,OMA,110868
DCA,ONT,112
DCA,OPF,12
DCA,ORD,1376487
DCA,ORF,137594
DCA,ORH,96
DCA,PBI,369672
DCA,PDX,99321
DCA,PHF,476
DCA,PHL,158271
DCA,PHX,389295
DCA,PIA,1191
DCA,PIH,185
DCA,PIT,187355
DCA,PNS,107675
DCA,PVD,374269
DCA,PWK,8
DCA,PWM,197300
DCA,RAP,164
DCA,RDU,314346
DCA,RFD,230
DCA,RIC,6542
DCA,ROA,127
DCA,ROC,121190
DCA,RST,289
DCA,RSW,157012
DCA,SAT,270
DCA,SAV,97637
DCA,SBN,1352
DCA,SCE,35
DCA,SDF,111314
DCA,SEA,199016
DCA,SFO,206016
DCA,SGF,1093
DCA,SHV,174
DCA,SJU,123360
DCA,SLC,124659
DCA,SPI,1106
DCA,SPS,124
DCA,SRQ,77468
DCA,STL,465044
DCA,SWF,740
DCA,SYR,143070
DCA,TEB,16
DCA,TLH,37801
DCA,TPA,482300
DCA,TUL,42665
DCA,TVC,15369
DCA,TYS,108910
DCA,VPS,55971
DCA,XNA,43834
DCK,FAI,15
DCK,GAL,16
DDC,DEN,13704
DDC,LBL,6398
DE2,HTO,6
DE2,RIC,1
DE3,FOK,1
DE3,HTO,8
DE3,IAD,4
DE3,LGA,2
DEC,JLN,4724
DEC,ORD,29390
DEN,DFW,1820230
DEN,DIK,53002
DEN,DRO,270394
DEN,DSM,512451
DEN,DTW,892735
DEN,DVL,13646
DEN,EAR,28249
DEN,ECP,36348
DEN,EGE,147380
DEN,ELP,426660
DEN,EUG,245757
DEN,EWR,961464
DEN,FAI,14814
DEN,FAR,213273
DEN,FAT,266055
DEN,FCA,247906
DEN,FLL,461113
DEN,FSD,295939
DEN,GCC,60737
DEN,GEG,500058
DEN,GFK,148
DEN,GJT,272787
DEN,GRB,17179
DEN,GRK,128
DEN,GRR,389104
DEN,GSO,44052
DEN,GSP,53827
DEN,GTF,116742
DEN,GUC,74012
DEN,HDN,255639
DEN,HLN,65123
DEN,HNL,312781
DEN,HOB,25709
DEN,HOU,693664
DEN,HPN,104
DEN,HRL,665
DEN,HSV,90573
DEN,HYS,24948
DEN,IAD,1156490
DEN,IAH,1671917
DEN,ICT,344912
DEN,IDA,153384
DEN,IFP,2123
DEN,IND,756368
DEN,JAC,277951
DEN,JAX,257902
DEN,JFK,419051
DEN,JLN,17773
DEN,JMS,22542
DEN,KOA,195536
DEN,KTN,130
DEN,LAR,34397
DEN,LAS,2224927
DEN,LAX,2008189
DEN,LBB,93475
DEN,LBF,32064
DEN,LBL,17721
DEN,LEX,45067
DEN,LGA,1296981
DEN,LGB,271010
DEN,LIH,117868
DEN,LIT,253540
DEN,LNK,118761
DEN,LSE,191
DEN,LWS,32916
DEN,MAF,137480
DEN,MCI,1085502
DEN,MCK,5338
DEN,MCO,1483552
DEN,MDT,313
DEN,MDW,839518
DEN,MEM,302802
DEN,MFR,201148
DEN,MHK,522
DEN,MIA,774875
DEN,MKC,149
DEN,MKE,610201
DEN,MLI,45418
DEN,MOT,74517
DEN,MRY,78794
DEN,MSN,305248
DEN,MSO,277447
DEN,MSP,1869376
DEN,MSY,590395
DEN,MTJ,282235
DEN,MYR,12269
DEN,OAK,478991
DEN,OGG,220960
DEN,OKC,580986
DEN,OMA,834638
DEN,ONT,801467
DEN,ORD,2095602
DEN,ORF,153328
DEN,OTH,5958
DEN,PBI,6445
DEN,PDX,1287270
DEN,PHL,924555
DEN,PHX,2519336
DEN,PIA,30849
DEN,PIE,67
DEN,PIH,208
DEN,PIR,28700
DEN,PIT,492813
DEN,PNS,128882
DEN,PRC,28024
DEN,PSC,96604
DEN,PSP,385456
DEN,PTK,166
DEN,PUB,2724
DEN,PVD,40936
DEN,PWM,44021
DEN,RAP,337086
DEN,RDM,172599
DEN,RDU,563782
DEN,RFD,334
DEN,RIC,181481
DEN,RIW,43041
DEN,RKS,42445
DEN,RNO,629261
DEN,ROC,137
DEN,RSW,237003
DEN,SAF,132804
DEN,SAN,1567313
DEN,SAT,800132
DEN,SAV,96585
DEN,SBA,263752
DEN,SBP,115212
DEN,SCF,11
DEN,SDF,258308
DEN,SEA,1912890
DEN,SFO,1793580
DEN,SGF,130284
DEN,SGU,60260
DEN,SHR,56689
DEN,SHV,40202
DEN,SJC,754390
DEN,SJU,91065
DEN,SLC,1914521
DEN,SLN,19976
DEN,SMF,1098772
DEN,SNA,928187
DEN,SRQ,47152
DEN,STL,979183
DEN,SUN,62101
DEN,SUU,62
DEN,SUX,27942
DEN,SWO,254
DEN,SYR,117338
DEN,TEB,1
DEN,TEX,12558
DEN,TPA,953430
DEN,TUL,425769
DEN,TUS,566342
DEN,TVC,39051
DEN,TYS,183434
DEN,VEL,2161
DEN,VNY,13
DEN,WYS,2104
DEN,XNA,212647
DEN,XWA,116848
DEN,YIP,142
DEN,YKM,111
DET,FRG,8
DET,PBI,4
DET,VNY,7
DFW,DRO,125737
DFW,DSM,276494
DFW,DTW,1011055
DFW,ECP,176229
DFW,EGE,168101
DFW,ELD,3700
DFW,ELP,701871
DFW,EUG,84900
DFW,EVV,96364
DFW,EWR,991259
DFW,EYW,103138
DFW,FAR,123499
DFW,FAT,429571
DFW,FAY,7474
DFW,FCA,80616
DFW,FLG,47497
DFW,FLL,958132
DFW,FSD,184631
DFW,FSM,116766
DFW,FWA,114421
DFW,GCK,62437
DFW,GEG,187877
DFW,GGG,67839
DFW,GJT,107379
DFW,GLH,12878
DFW,GNV,50274
DFW,GPT,130266
DFW,GRB,410
DFW,GRI,69239
DFW,GRK,181889
DFW,GRR,267789
DFW,GSO,207790
DFW,GSP,253315
DFW,GTF,330
DFW,GUC,22535
DFW,HDN,40924
DFW,HNL,306610
DFW,HOT,6086
DFW,HOU,266039
DFW,HRL,203736
DFW,HRO,7004
DFW,HSV,264768
DFW,IAD,471029
DFW,IAH,1433305
DFW,ICT,366446
DFW,IDA,63127
DFW,IFP,1817
DFW,ILM,81254
DFW,IND,552707
DFW,JAC,127891
DFW,JAN,223470
DFW,JAX,566742
DFW,JFK,462652
DFW,LAS,1977854
DFW,LAW,89195
DFW,LAX,2285476
DFW,LBB,360431
DFW,LCH,110712
DFW,LEX,172592
DFW,LFT,173764
DFW,LGA,1689131
DFW,LIT,409835
DFW,LRD,173438
DFW,LUK,86
DFW,MAF,358282
DFW,MCI,619509
DFW,MCO,1629678
DFW,MDT,97622
DFW,MDW,160685
DFW,MEM,561291
DFW,MFE,575386
DFW,MGM,114580
DFW,MHK,112884
DFW,MIA,1610213
DFW,MKC,216
DFW,MKE,299184
DFW,MLI,99795
DFW,MLU,108254
DFW,MOB,133538
DFW,MOT,14
DFW,MRY,94340
DFW,MSN,244128
DFW,MSO,96179
DFW,MSP,930534
DFW,MSY,788656
DFW,MTJ,124761
DFW,MWL,27
DFW,MYR,73247
DFW,OAK,68
DFW,OGG,156667
DFW,OKC,679332
DFW,OMA,399742
DFW,ONT,785807
DFW,ORD,1883789
DFW,ORF,285547
DFW,PBI,326712
DFW,PDX,822261
DFW,PHL,1162276
DFW,PHX,1675028
DFW,PIA,95375
DFW,PIT,432883
DFW,PNS,372268
DFW,PSP,313971
DFW,PVD,105
DFW,PVU,33230
DFW,PWA,10
DFW,PWM,15724
DFW,RAP,134819
DFW,RDM,30579
DFW,RDU,661986
DFW,RIC,297033
DFW,RNO,379029
DFW,ROW,96024
DFW,RST,482
DFW,RSW,386219
DFW,SAF,180469
DFW,SAN,1162823
DFW,SAT,1211285
DFW,SAV,233645
DFW,SBA,98175
DFW,SBN,98860
DFW,SBP,102382
DFW,SCE,147
DFW,SDF,396199
DFW,SEA,1558058
DFW,SFO,1299159
DFW,SGF,383593
DFW,SGU,31076
DFW,SHV,229584
DFW,SJC,405727
DFW,SJT,94965
DFW,SJU,302572
DFW,SLC,1128869
DFW,SMF,588254
DFW,SNA,812296
DFW,SPI,54
DFW,SPS,56157
DFW,SRQ,101455
DFW,STL,535497
DFW,STP,1
DFW,STS,41688
DFW,STT,10449
DFW,SWO,64780
DFW,SYR,95596
DFW,TBN,13452
DFW,TLH,118414
DFW,TPA,895640
DFW,TRI,67648
DFW,TUL,614872
DFW,TUP,4398
DFW,TUS,692990
DFW,TVC,33566
DFW,TXK,71703
DFW,TYR,98755
DFW,TYS,371375
DFW,VNY,8
DFW,VPS,312503
DFW,XNA,473391
DFW,YUM,37564
DGB,KOZ,45
DGB,ORI,2
DHB,FBS,542
DHB,KEH,208
DHB,LKE,1592
DHB,LPS,316
DHB,RCE,832
DHB,RSJ,231
DHB,WSX,251
DHN,HSV,38
DHN,IND,1
DHN,JAX,1
DHN,LFT,65
DIO,OME,443
DJN,GKN,8
DJN,MTX,28
DKK,HPN,3
DKK,PIT,4
DLF,N1C,100
DLG,DUT,28
DLG,EGX,12
DLG,IGG,32
DLG,ILI,111
DLG,KEK,1451
DLG,KGK,1648
DLG,KLL,608
DLG,KMO,2552
DLG,KNK,6
DLG,KNW,3020
DLG,KWN,15
DLG,NNK,7
DLG,PIP,6
DLG,PTA,36
DLG,PTH,18
DLG,SDP,16
DLG,SNP,45
DLG,TOG,4428
DLG,TWA,2182
DLG,WSN,227
DLH,DTW,139
DLH,EWR,107
DLH,IAD,126
DLH,IFP,1981
DLH,LAX,180
DLH,LGA,159
DLH,MKE,66
DLH,MSN,73
DLH,MSP,154415
DLH,MSY,177
DLH,ORD,106438
DLH,PHL,155
DLH,RSW,7710
DLH,SNA,102
DLS,PAE,2
DLS,XWW,7
DMN,LRU,5
DNL,PBI,6
DNL,SRQ,2
DOF,HYG,1
DOF,WFB,14
DPA,OCF,2
DQK,N1C,211
DQN,OPF,10
DQS,FLG,49
DQS,GCN,176
DQS,L41,1748
DQS,PGA,202
DRG,ELI,12
DRG,FAI,14
DRG,IAN,21
DRG,KVL,44
DRG,OME,512
DRG,ORV,21
DRG,OTZ,3641
DRG,RDB,24
DRG,SHH,2
DRG,WLK,26
DRG,WTK,5
DRO,GJT,131
DRO,IAH,3387
DRO,PHX,99117
DRO,SLC,2
DRO,SMX,1
DSI,FXE,3
DSI,HOU,1501
DSI,MCN,1
DSI,ORL,3
DSI,TN8,5
DSM,DTW,117024
DSM,EUG,288
DSM,EWR,27441
DSM,FLL,27108
DSM,FOE,47
DSM,FRG,4
DSM,FSD,95
DSM,GEG,255
DSM,GFK,266
DSM,GPT,142
DSM,GRR,163
DSM,GSP,235
DSM,HOU,18842
DSM,HSV,155
DSM,IAD,357
DSM,IAH,112203
DSM,IFP,1884
DSM,IND,481
DSM,JAX,180
DSM,LAN,11
DSM,LAS,169629
DSM,LAX,7596
DSM,LBB,623
DSM,LEX,183
DSM,LGA,98710
DSM,LIT,8
DSM,MCI,329
DSM,MCO,21099
DSM,MDW,389
DSM,MEM,412
DSM,MHK,413
DSM,MIA,21289
DSM,MKE,209
DSM,MLI,13
DSM,MSN,65
DSM,MSO,33
DSM,MSP,129347
DSM,MSY,82
DSM,OAK,95
DSM,OKC,380
DSM,OMA,1891
DSM,ONT,99
DSM,ORD,392011
DSM,PDX,14370
DSM,PGD,46426
DSM,PHL,129
DSM,PHX,183259
DSM,PIA,135
DSM,PIE,51844
DSM,PIT,165
DSM,PSM,46
DSM,PVU,95
DSM,RDU,265
DSM,RIC,56
DSM,RNO,196
DSM,RSW,222
DSM,SAN,7832
DSM,SBA,2
DSM,SBN,148
DSM,SFB,51438
DSM,SFO,362
DSM,SJC,96
DSM,SLC,432
DSM,SNA,35407
DSM,SRQ,17963
DSM,STL,154651
DSM,SUX,123
DSM,SWF,305
DSM,TN8,16
DSM,TOL,182
DSM,TPA,147
DSM,VPS,3125
DTW,ELM,83516
DTW,ERI,42
DTW,ESC,17945
DTW,EVV,67
DTW,EWR,594115
DTW,FLL,829760
DTW,FNT,457
DTW,FRG,157
DTW,FWA,21297
DTW,GEG,208
DTW,GPT,11378
DTW,GRB,129350
DTW,GRR,263243
DTW,GSO,55542
DTW,GSP,96939
DTW,HNL,145544
DTW,HOU,1259
DTW,HPN,102979
DTW,HSV,32646
DTW,IAD,277086
DTW,IAH,650144
DTW,ICT,767
DTW,IFP,2414
DTW,IMT,21772
DTW,IND,227940
DTW,JAN,157
DTW,JAX,138578
DTW,JFK,270921
DTW,LAF,191
DTW,LAN,104211
DTW,LAS,1006818
DTW,LAX,931943
DTW,LBE,174
DTW,LEX,94479
DTW,LGA,1074409
DTW,LGB,131
DTW,LIT,136
DTW,LWB,524
DTW,MBS,129311
DTW,MCI,249800
DTW,MCO,1318684
DTW,MDT,68510
DTW,MDW,369191
DTW,MEM,120040
DTW,MIA,451874
DTW,MKC,64
DTW,MKE,238460
DTW,MQT,36564
DTW,MSN,199270
DTW,MSP,731001
DTW,MSY,229090
DTW,MYR,146950
DTW,OAK,70
DTW,OGG,251
DTW,OKC,1021
DTW,OMA,127020
DTW,ONT,362
DTW,ORD,832089
DTW,ORF,110380
DTW,PBI,125583
DTW,PDK,24
DTW,PDX,100325
DTW,PHL,603255
DTW,PHX,764498
DTW,PIA,12
DTW,PIE,64
DTW,PIT,195727
DTW,PLN,61716
DTW,PNS,148
DTW,PSP,158
DTW,PVD,118553
DTW,PVU,80
DTW,PWM,97874
DTW,RDU,336302
DTW,RHI,1
DTW,RIC,139885
DTW,ROC,174096
DTW,RSW,639215
DTW,SAN,375447
DTW,SAT,186607
DTW,SAV,47987
DTW,SBN,41622
DTW,SDF,140391
DTW,SEA,680718
DTW,SFB,328
DTW,SFO,458144
DTW,SGF,60
DTW,SHV,287
DTW,SJC,701
DTW,SJU,98706
DTW,SLC,485609
DTW,SMF,26851
DTW,SNA,79553
DTW,SPS,72
DTW,SRQ,32151
DTW,STL,366586
DTW,STX,149
DTW,SYR,191180
DTW,TEB,4
DTW,TLH,158
DTW,TOL,229
DTW,TPA,742244
DTW,TUL,488
DTW,TVC,175212
DTW,TWF,158
DTW,TYS,72417
DTW,VNY,7
DTW,XNA,4437
DUJ,IAD,5307
DUJ,MGW,1
DUJ,PIT,5748
DUJ,TEB,4
DUT,HOM,8
DUT,IKO,339
DUT,KFP,14
DUT,KQA,54
DUT,KVC,1
DUT,SDP,2878
DUT,SNP,127
DUT,STG,393
DVL,JMS,12557
DVT,PHX,20
DVT,QAJ,16
DVT,SAD,20
DVT,SAN,3
DVT,SNA,2
DVT,SVC,47
DVT,TSM,5
DVT,TUS,14
DVT,VNY,6
DWH,LWB,7
DWH,PBI,12
DXR,FOK,10
DXR,IAD,1
DXR,LEB,8
DXR,MVY,20
DXR,NYS,8
DXR,OWD,2
DYL,ERI,10
DYL,FOK,1
DYL,ORF,4
EAA,FAI,1300
EAA,ORT,25
EAA,TKJ,11
EAR,FRG,11
EAR,OAK,1
EAR,SMF,1
EAT,FRD,8
EAT,OTS,2
EAT,PDX,6
EAT,SEA,86352
EAU,GRB,84
EAU,IFP,3878
EAU,LAS,4421
EAU,LSE,179
EAU,MCO,8186
EAU,MSP,12242
EAU,MYR,179
EAU,ORD,1537
EAU,RNO,359
EAU,RSW,14796
ECP,ELP,119
ECP,FLL,124
ECP,GGG,70
ECP,GSO,14
ECP,GSP,166
ECP,HOU,93502
ECP,HPN,6
ECP,HSV,160
ECP,IAH,109262
ECP,IND,11221
ECP,JAX,132
ECP,LAS,7
ECP,LEX,6
ECP,LFT,49
ECP,LIT,183
ECP,MCI,22656
ECP,MCO,605
ECP,MDW,48251
ECP,MEM,279
ECP,MKL,2
ECP,MOB,136
ECP,MQY,77
ECP,MSP,125
ECP,MSY,999
ECP,OKC,141
ECP,ORD,33620
ECP,ORF,143
ECP,PHL,2233
ECP,PNS,697
ECP,PVU,70
ECP,RDU,74
ECP,ROC,163
ECP,SAT,276
ECP,SCF,8
ECP,SHV,75
ECP,SLC,185
ECP,SRQ,141
ECP,STL,79792
ECP,TLH,397
ECP,TN8,37
ECP,TPA,1237
ECP,TUL,87
ECP,TXK,145
ECP,VPS,208
EDA,KCC,13
EDA,KTB,1
EDA,NKI,43
EDA,PPV,6
EDA,WFB,108
EDA,WWP,2
EDE,RDU,16
EEK,GNU,37
EEK,KKH,63
EEK,KKI,1
EEK,KPN,67
EEK,KUK,27
EEK,KWK,85
EEK,KWN,2301
EEK,KWT,8
EEK,NME,16
EEK,PKA,14
EEK,PTU,23
EEK,TLT,2
EEK,VAK,2
EEK,WNA,25
EEK,WTL,765
EEN,FOK,9
EEN,JFK,4
EFD,MDH,157
EFK,MHT,8
EFK,PYM,4
EGE,EWR,28552
EGE,FTW,24
EGE,GJT,70
EGE,HPN,50
EGE,HSH,4
EGE,IAH,28151
EGE,JFK,18147
EGE,LAX,21851
EGE,MAF,112
EGE,MCI,153
EGE,MIA,26970
EGE,OGD,5
EGE,OMA,4
EGE,ORD,56781
EGE,OUN,4
EGE,PAE,2
EGE,PBI,6
EGE,PGV,5
EGE,PHX,6116
EGE,PTK,10
EGE,PVU,2
EGE,SAN,357
EGE,SBA,12
EGE,SCF,4
EGE,SEA,448
EGE,SFO,8377
EGE,SLC,174
EGE,SNA,12
EGE,STL,14
EGE,TEB,24
EGE,TMB,12
EGE,TN8,3
EGE,VNY,6
EGV,MDW,11
EGV,ORD,5
EGV,PWK,52
EGX,ENA,14
EGX,KCG,1
EGX,KPV,4
EGX,PIP,33
EGX,PTH,59
EGX,UGS,15
EGX,WSN,18
EHM,NUP,2
EKO,MRY,1
EKO,SLC,25479
EKO,STS,2
ELD,HOT,6
ELD,MEM,1348
ELD,MQY,1
ELI,GAL,2
ELI,GLV,2264
ELI,HPB,1
ELI,KKA,633
ELI,KTS,40
ELI,OME,3720
ELI,SHH,18
ELI,SKK,146
ELI,SMK,26
ELI,TLA,18
ELI,UNK,236
ELI,WBB,28
ELI,WLK,18
ELI,WMO,352
ELM,EWR,2
ELM,HYA,1
ELM,IND,195
ELM,JFK,5
ELM,OXC,6
ELM,PGD,10243
ELM,PIE,35326
ELM,PTW,2
ELM,SFB,41506
ELM,TEB,6
ELP,FAT,287
ELP,FLL,313
ELP,FNL,307
ELP,FSM,72
ELP,GCK,72
ELP,GEG,137
ELP,HOU,248982
ELP,HRL,1541
ELP,IAH,260273
ELP,IFP,1343
ELP,IND,142
ELP,LAS,336563
ELP,LAX,201230
ELP,LBB,272
ELP,LGB,58973
ELP,LIT,27
ELP,LNK,315
ELP,LRD,2167
ELP,LYH,639
ELP,MAF,889
ELP,MCO,20539
ELP,MDT,80
ELP,MDW,54583
ELP,MEM,5
ELP,MFE,1727
ELP,MIA,818
ELP,MKE,1
ELP,MLU,298
ELP,MQY,309
ELP,OAK,2
ELP,OKC,160
ELP,ONT,2502
ELP,ORD,82684
ELP,PDX,65
ELP,PHL,1173
ELP,PHX,458368
ELP,PIT,129
ELP,PNS,131
ELP,POB,39
ELP,PSC,66
ELP,PSP,285
ELP,RDU,1
ELP,RNO,290
ELP,ROW,179
ELP,SAA,47
ELP,SAF,2
ELP,SAN,69905
ELP,SAT,167816
ELP,SBA,106
ELP,SCF,2
ELP,SDF,579
ELP,SEA,47802
ELP,SFO,163
ELP,SHV,370
ELP,SJT,18
ELP,SMF,1
ELP,SNA,297
ELP,TKF,2
ELP,TOL,97
ELP,TUS,905
ELP,TYS,309
ELP,VCV,132
ELP,YKM,115
ELP,YUM,80
ELV,HNH,2
ELV,JNU,850
ELV,PEC,33
EMK,GAL,26
EMK,HPB,32
EMK,KOT,3689
EMK,KSM,219
EMK,KUK,8
EMK,MLL,23
EMK,MOU,194
EMK,NUP,5
EMK,OME,23
EMK,OOK,13
EMK,PQS,66
EMK,RSH,21
EMK,SCM,94
EMK,SMK,60
EMK,SXP,1009
EMK,TNK,1
EMK,UNK,10
EMK,VAK,41
EMK,WAA,1
EMK,WBB,5
EMT,SQL,2
ENA,FAI,75
ENA,GNU,9
ENA,HOM,26
ENA,IGG,1
ENA,ILI,8
ENA,JZE,605
ENA,KLL,4
ENA,KLN,3
ENA,KNK,5
ENA,LVD,16
ENA,PGM,13
ENA,SJC,13
ENA,SMK,1
ENA,SNA,5
ENA,UNK,9
ENA,VDZ,22
ENA,WBB,6
ENN,FAI,41
ENN,GAL,9
ENN,HSL,10
ENN,NIB,9
ENN,NUL,5
ENN,RBY,3
ENN,VEE,5
ENW,JAX,1
ENW,SWF,1
ERI,EWR,2
ERI,GSO,48
ERI,GSP,143
ERI,JFK,6
ERI,MCO,3453
ERI,PA5,13
ERI,PHL,50
ERI,PIT,185
ERI,PNE,12
ERI,RIC,48
ERI,ROA,42
ERI,TEB,7
ERI,TRI,86
ERI,TTN,43
ESC,GRB,6
ESC,IAD,302
ESC,MSP,14809
ESD,FRD,4874
ESD,HIO,10
ESD,KEH,26
ESD,PAE,45
ESD,RDM,4
ESD,SFO,1
ESD,VUO,3
ESN,EWR,2
ESN,FRG,2
ESN,HPN,17
ESN,HVN,3
ESN,LCI,4
ESN,MTP,2
ESN,TEB,24
EUG,FAT,6
EUG,FNL,307
EUG,GEG,170
EUG,GJT,146
EUG,GNV,56
EUG,HHR,4
EUG,ICT,142
EUG,IND,1728
EUG,LAF,349
EUG,LAN,340
EUG,LAS,131399
EUG,LAX,55282
EUG,LBB,118
EUG,LNK,192
EUG,MSN,419
EUG,MSP,208
EUG,MSY,111
EUG,OAK,110869
EUG,OGG,6
EUG,OKC,179
EUG,ONT,260
EUG,PAE,8
EUG,PDX,348
EUG,PHX,117234
EUG,PIH,121
EUG,PIT,182
EUG,PSP,6887
EUG,PUW,576
EUG,PVU,49
EUG,RAP,160
EUG,RDM,31
EUG,RNO,293
EUG,SAN,45108
EUG,SBA,210
EUG,SEA,315696
EUG,SFO,182509
EUG,SJC,59410
EUG,SJT,194
EUG,SLC,90303
EUG,SMF,51722
EUG,SNA,26334
EUG,TCL,91
EUG,TPA,9
EUG,TRM,4
EUG,TUL,140
EUG,TUS,124
EUG,TYS,108
EUG,YIP,456
EVV,FRG,2
EVV,GGG,76
EVV,GSP,70
EVV,IND,37
EVV,IOW,2
EVV,LEX,86
EVV,MCO,14744
EVV,ORD,15557
EVV,OWB,2
EVV,PIE,15343
EVV,SDF,268
EVV,SFB,33575
EVV,STL,67
EVV,VPS,6362
EVV,XNA,2
EWB,FRG,4
EWB,HPN,12
EWB,IAD,8
EWB,MVY,563
EWB,NH4,1
EWB,PHL,1
EWB,SHD,1
EWN,FAY,100
EWN,FLO,35
EWN,ILM,97
EWN,JAX,179
EWN,MCO,12091
EWN,PGV,47
EWN,RDU,39
EWN,RIC,32
EWR,EYW,88852
EWR,FLL,1567863
EWR,FNT,174
EWR,FSD,365
EWR,FYV,129
EWR,GEG,425
EWR,GRR,111857
EWR,GSO,94175
EWR,GSP,114409
EWR,HDN,17183
EWR,HHH,21813
EWR,HNL,47708
EWR,HOU,445
EWR,HPN,222
EWR,HSV,260
EWR,HTO,24
EWR,HYA,11
EWR,IAD,394414
EWR,IAH,1177837
EWR,ICT,298
EWR,ILM,67127
EWR,IND,341264
EWR,IPT,55
EWR,ISP,150
EWR,ITH,56799
EWR,JAC,41217
EWR,JAX,313965
EWR,JFK,7062
EWR,LAF,193
EWR,LAN,559
EWR,LAS,920256
EWR,LAX,2050744
EWR,LBB,278
EWR,LCI,2
EWR,LEX,137
EWR,LGA,2381
EWR,LGB,120
EWR,LIT,490
EWR,LKP,3
EWR,LNK,789
EWR,LNS,3
EWR,LUK,300
EWR,MCI,104369
EWR,MCO,1978535
EWR,MDT,33286
EWR,MDW,888
EWR,MEM,63205
EWR,MHK,92
EWR,MHT,54812
EWR,MIA,1248302
EWR,MKC,558
EWR,MKE,108901
EWR,MRY,5
EWR,MSN,62196
EWR,MSO,218
EWR,MSP,534350
EWR,MSY,368130
EWR,MTJ,14573
EWR,MTP,32
EWR,MVY,41
EWR,MYR,269073
EWR,NPT,3
EWR,NY7,6
EWR,OAK,42648
EWR,OGG,1053
EWR,OKC,956
EWR,OMA,1181
EWR,ONT,572
EWR,OPF,2
EWR,ORD,1698719
EWR,ORF,157857
EWR,OXC,1
EWR,PAE,35
EWR,PBI,949684
EWR,PDX,239963
EWR,PGV,332
EWR,PHL,46993
EWR,PHX,858016
EWR,PIE,184
EWR,PIT,355764
EWR,PLN,130
EWR,PQI,29748
EWR,PSF,5
EWR,PSP,113
EWR,PVD,71331
EWR,PWM,167707
EWR,RDU,531982
EWR,RFD,147
EWR,RIC,144183
EWR,RME,15
EWR,RNO,420
EWR,ROA,742
EWR,ROC,138823
EWR,RSW,558838
EWR,SAN,487028
EWR,SAT,218670
EWR,SAV,188022
EWR,SBA,69
EWR,SBN,3212
EWR,SCE,25458
EWR,SDF,117001
EWR,SEA,614935
EWR,SFO,1598166
EWR,SHV,167
EWR,SJC,409
EWR,SJU,735506
EWR,SLC,345522
EWR,SLN,54
EWR,SMF,82868
EWR,SNA,261151
EWR,SRQ,217465
EWR,STL,172094
EWR,STT,54445
EWR,SWF,2953
EWR,SYR,108968
EWR,TLH,283
EWR,TPA,842513
EWR,TTN,2
EWR,TUL,297
EWR,TVC,7372
EWR,TYS,49114
EWR,UBF,7
EWR,VNY,16
EWR,VPS,29351
EWR,VWK,8
EWR,WST,1
EWR,YIP,308
EWR,ZXU,2
EXI,JNU,67
EYW,FLL,23125
EYW,FMY,11
EYW,GSO,116
EYW,GSP,147
EYW,IAD,19021
EYW,IAH,15420
EYW,IND,18074
EYW,JAX,226
EYW,JFK,85
EYW,LGA,36062
EYW,MCO,37943
EYW,MDT,99
EYW,MDW,28
EYW,MGM,107
EYW,MIA,132446
EYW,MPB,104
EYW,MRK,15
EYW,MSY,543
EYW,MYR,143
EYW,OKC,104
EYW,OPF,8
EYW,ORD,58591
EYW,PBI,32
EYW,PHL,75393
EYW,PIE,28191
EYW,PIT,19605
EYW,PPM,6
EYW,RBN,40495
EYW,RDU,173
EYW,RIC,301
EYW,RSW,832
EYW,SAT,93
EYW,SAV,178
EYW,SFB,19424
EYW,SPG,16
EYW,SRQ,95
EYW,TMB,2
EYW,TN9,2
EYW,TPA,57994
EYW,TRI,4
EYW,VNC,26
FAI,FLT,8
FAI,FYU,10664
FAI,GAL,15327
FAI,GBH,1076
FAI,HCR,63
FAI,HKB,237
FAI,HOM,30
FAI,HSL,3657
FAI,HUS,2088
FAI,IAN,3
FAI,IRC,342
FAI,JNU,312
FAI,KAL,1024
FAI,KBC,1028
FAI,KGX,43
FAI,KKA,6
FAI,KLN,7
FAI,KSM,15
FAI,KTN,130
FAI,KYU,777
FAI,LMA,683
FAI,MCG,460
FAI,MHM,6
FAI,MLL,23
FAI,MLY,65
FAI,MNT,648
FAI,MOU,8
FAI,MSP,29141
FAI,NIB,472
FAI,NUI,34
FAI,NUL,2196
FAI,OBU,202
FAI,OME,5
FAI,ORD,35816
FAI,ORT,25
FAI,ORV,2
FAI,PDX,75
FAI,PHO,2
FAI,PPC,1342
FAI,PQS,1
FAI,RBY,4377
FAI,RDV,23
FAI,RLU,11
FAI,RMP,872
FAI,RSH,16
FAI,SCC,1316
FAI,SEA,608492
FAI,SHG,87
FAI,SHH,10
FAI,SHX,10
FAI,SLQ,9
FAI,STG,2
FAI,SVS,679
FAI,TAL,3608
FAI,TCT,18
FAI,TEK,12
FAI,TKA,5
FAI,TKJ,272
FAI,TLJ,2
FAI,TSG,23
FAI,UMT,137
FAI,UNK,10
FAI,UTO,38
FAI,VDZ,12
FAI,VEE,2741
FAI,VIK,134
FAI,WBQ,1529
FAI,WCR,75
FAI,WLK,24
FAI,WTK,16
FAK,JNU,5
FAR,GPT,355
FAR,GTF,61
FAR,HNL,204
FAR,HPN,3
FAR,IAH,108
FAR,IDA,102
FAR,IFP,4026
FAR,LAS,33085
FAR,LBB,341
FAR,MCN,312
FAR,MCO,7323
FAR,MDH,294
FAR,MKE,47
FAR,MOT,122
FAR,MSP,335919
FAR,ORD,191848
FAR,PAH,278
FAR,PDX,94
FAR,PGD,133
FAR,PHX,17100
FAR,PIA,43
FAR,PIE,13519
FAR,RAP,63
FAR,RNO,688
FAR,SAV,144
FAR,SFB,22282
FAR,SFO,352
FAR,SGF,274
FAR,SJU,121
FAR,TEB,6
FAR,TRI,292
FAR,VNY,11
FAR,YNG,90
FAT,FNL,300
FAT,HHR,7
FAT,HNL,246
FAT,IAH,142
FAT,ICT,169
FAT,IFP,1380
FAT,LAS,441686
FAT,LAX,89572
FAT,LGB,7
FAT,LRU,149
FAT,OAK,155
FAT,OGG,28
FAT,OKC,456
FAT,ONT,65
FAT,ORD,32762
FAT,PDX,73476
FAT,PHX,251200
FAT,PUW,312
FAT,RNO,892
FAT,SAN,136545
FAT,SBN,120
FAT,SBP,93
FAT,SCF,6
FAT,SEA,173627
FAT,SFO,118643
FAT,SJC,175
FAT,SLC,137678
FAT,SMF,179
FAT,SNA,310
FAT,TKF,3
FAT,TUL,420
FAT,TWF,70
FAT,VNY,18
FAT,YIP,312
FAY,FLO,79
FAY,GNV,32
FAY,GSO,108
FAY,HSV,107
FAY,ILM,228
FAY,JAX,97
FAY,MEM,252
FAY,MFE,76
FAY,MIA,105
FAY,OAJ,62
FAY,ORF,45
FAY,PHF,47
FAY,PHL,93
FAY,RDU,377
FAY,ROA,44
FAY,SBY,37
FAY,TRI,46
FAY,VPS,24
FAY,XNA,69
FBK,GAL,14
FBK,LMA,15
FBK,MHM,14
FBK,VEE,8
FBS,KEH,2114
FBS,LKE,5047
FBS,LPS,941
FBS,PUL,2
FBS,RCE,1497
FBS,RSJ,410
FBS,TIW,5
FBS,WSX,294
FCA,GEG,240
FCA,IAH,5589
FCA,LAS,27969
FCA,LAX,26282
FCA,MKE,170
FCA,MSO,177
FCA,MSP,118946
FCA,OAK,4103
FCA,ORD,85584
FCA,PDX,2392
FCA,RAP,3
FCA,RCE,8
FCA,SAN,5065
FCA,SBA,2
FCA,SCF,2
FCA,SEA,139585
FCA,SFO,19558
FCA,SJC,9
FCA,SLC,193890
FCA,STS,6451
FCA,SWF,11
FCA,TUL,57
FCA,VNY,2
FCA,XWA,345
FCM,HPN,4
FCM,MDH,2
FDK,MMU,2
FDK,SYR,4
FFO,PAM,297
FHB,FMY,4
FHB,TPA,2
FHU,SCF,9
FID,FOK,25
FID,FRG,8
FID,HPN,167
FID,HTO,44
FID,IAD,28
FID,LGA,19
FID,TEB,44
FL4,SHD,2
FL4,TEB,5
FL7,PBI,3
FL7,STL,1
FL8,SCF,5
FLG,FNL,242
FLG,GEG,284
FLG,LAS,42
FLG,LAX,419
FLG,MSO,295
FLG,PHX,107098
FLG,PIH,274
FLG,PUW,265
FLG,SAF,7
FLG,SAT,268
FLG,SBP,264
FLG,SCF,8
FLG,SMF,282
FLG,TUS,42
FLG,VNY,9
FLL,FMY,1
FLL,FNT,4562
FLL,FPR,2
FLL,FRG,53
FLL,FSD,10224
FLL,GNV,13211
FLL,GPT,727
FLL,GRB,175
FLL,GRR,19503
FLL,GSO,683
FLL,GSP,27593
FLL,HDN,5177
FLL,HOU,260099
FLL,HPN,250213
FLL,HRL,1
FLL,HSH,3
FLL,HVN,104143
FLL,IAD,233654
FLL,IAG,300
FLL,IAH,762390
FLL,ICT,426
FLL,ILG,26214
FLL,ILM,28597
FLL,IND,348599
FLL,ISP,97965
FLL,JAX,107233
FLL,JFK,1153317
FLL,LAS,279788
FLL,LAX,587662
FLL,LCK,20587
FLL,LEX,34708
FLL,LGA,1454818
FLL,LIT,170
FLL,LNA,1
FLL,LUK,92
FLL,MCI,158002
FLL,MCO,380167
FLL,MDT,14567
FLL,MDW,324531
FLL,MEM,42004
FLL,MGM,468
FLL,MHT,162
FLL,MHV,1
FLL,MIA,8511
FLL,MKE,28489
FLL,MLB,429
FLL,MPB,14
FLL,MQY,326
FLL,MRK,4
FLL,MSP,288290
FLL,MSY,391217
FLL,MTH,57
FLL,MYR,146210
FLL,OBE,2
FLL,OKC,337
FLL,OMA,3644
FLL,ONT,275
FLL,ORD,984819
FLL,ORF,105330
FLL,ORH,78325
FLL,ORL,3
FLL,OWB,1
FLL,PAE,109
FLL,PBG,39489
FLL,PBI,8365
FLL,PDK,8
FLL,PDX,23841
FLL,PHK,4
FLL,PHL,794605
FLL,PHX,126087
FLL,PIA,2296
FLL,PIE,63
FLL,PIT,335582
FLL,PNS,114519
FLL,PUB,9
FLL,PVD,132556
FLL,RDU,395630
FLL,RIC,247738
FLL,ROA,352
FLL,ROC,30135
FLL,RSW,7710
FLL,SAN,127734
FLL,SAT,108240
FLL,SAV,5887
FLL,SDF,138043
FLL,SEA,265594
FLL,SFO,411892
FLL,SHV,152
FLL,SJC,278
FLL,SJU,710932
FLL,SLC,182979
FLL,SRQ,625
FLL,STL,235106
FLL,STT,128488
FLL,STX,69049
FLL,SUA,1
FLL,SWF,3706
FLL,SYR,37260
FLL,TEB,2175
FLL,TLH,97090
FLL,TMB,2
FLL,TN8,10
FLL,TPA,414397
FLL,TTN,22320
FLL,TUL,158
FLL,TVC,12790
FLL,TYS,122076
FLL,USA,53714
FLL,VPS,169
FLL,XNA,22500
FLO,MLB,73
FLO,OAJ,82
FLO,PHF,43
FLO,SBY,33
FLT,HCR,5
FLT,MCG,9
FLT,TCT,4
FME,HPN,2
FME,MVY,2
FMY,HPN,2
FMY,PBI,2
FMY,SFB,8
FMY,VNY,6
FNL,GGG,237
FNL,HHR,4
FNL,IFP,768
FNL,PDX,252
FNL,PVU,4
FNL,RNO,621
FNL,SAT,239
FNL,SBA,2
FNL,SBP,299
FNL,SJC,137
FNL,SLC,273
FNL,SMF,252
FNL,TUS,508
FNL,VNY,6
FNR,JNU,46
FNT,GPT,1356
FNT,IFP,1056
FNT,JAX,22247
FNT,LAS,33227
FNT,MKE,27
FNT,ORD,139287
FNT,PGD,88047
FNT,PHL,47
FNT,PIE,74682
FNT,SAN,164
FNT,SAV,115
FNT,SFB,82081
FNT,SNA,168
FNT,SRQ,46680
FNT,TVC,43
FNT,VPS,2577
FOD,IAD,630
FOD,MCW,5880
FOD,ORD,16302
FOE,FSD,72
FOE,FTW,72
FOE,FYV,127
FOE,HOU,102
FOE,ILM,154
FOE,LAS,89
FOE,LAX,212
FOE,LBB,167
FOE,MCI,125
FOE,OKC,74
FOE,PHL,125
FOE,PHX,354
FOE,PVU,503
FOE,RDU,303
FOE,SFB,169
FOE,SJT,183
FOE,SJU,62
FOE,SLC,428
FOE,STT,62
FOE,SWO,71
FOE,TUS,306
FOK,GED,2
FOK,GFL,13
FOK,GON,3
FOK,GUC,20
FOK,HPN,57
FOK,HTO,6
FOK,HYA,11
FOK,IAD,1
FOK,IFP,1
FOK,ILG,4
FOK,ISM,12
FOK,JFK,1
FOK,LAS,4
FOK,LCI,3
FOK,LEB,6
FOK,LIT,6
FOK,LLY,1
FOK,MA5,4
FOK,MDW,63
FOK,MHT,3
FOK,MMU,24
FOK,MNZ,2
FOK,MSP,17
FOK,MTN,9
FOK,MVL,6
FOK,MVY,12
FOK,NJ1,16
FOK,NPT,10
FOK,NYS,45
FOK,OPF,21
FOK,ORH,1
FOK,OWD,10
FOK,OXC,12
FOK,PA2,5
FOK,PA5,4
FOK,PBI,30
FOK,PHX,6
FOK,PNE,10
FOK,POU,1
FOK,PSF,4
FOK,PSM,4
FOK,PVC,7
FOK,PVD,10
FOK,PWK,7
FOK,PWM,17
FOK,PYM,10
FOK,RKD,8
FOK,SCF,11
FOK,SFM,1
FOK,SHV,6
FOK,SUN,8
FOK,SWF,2
FOK,SYR,6
FOK,TEB,25
FOK,TYS,3
FOK,UGN,9
FOK,VA8,4
FOK,VNY,33
FOK,VWK,6
FOK,WVL,15
FOK,ZXU,4
FPR,LEE,7
FPR,RSW,6
FPR,TPA,1
FPY,TPA,1
FRD,GEG,4
FRD,HWD,1
FRD,MSO,2
FRD,PAE,126
FRD,PAO,6
FRD,RNT,4273
FRD,SMO,16
FRD,TRM,4
FRD,UDD,4
FRD,VUO,6
FRG,GGE,5
FRG,GON,8
FRG,HDN,12
FRG,HFD,1
FRG,HTO,8
FRG,IAD,108
FRG,INT,55
FRG,ITH,4
FRG,LAF,6
FRG,LAS,67
FRG,LCI,5
FRG,MDW,117
FRG,MGW,2
FRG,MMU,1
FRG,MRY,2
FRG,MTP,13
FRG,MVY,4
FRG,NPT,10
FRG,OMA,24
FRG,OPF,25
FRG,ORF,4
FRG,OWB,4
FRG,OWD,1
FRG,OXC,1
FRG,PA5,7
FRG,PBI,58
FRG,PHL,119
FRG,PIT,83
FRG,POU,4
FRG,PVD,5
FRG,PWK,3
FRG,PYM,6
FRG,QMN,13
FRG,RDU,339
FRG,SBN,158
FRG,SCE,26
FRG,SEG,1
FRG,SJC,39
FRG,SLN,61
FRG,SYR,11
FRG,TTN,2
FRG,UBF,14
FRG,VNY,12
FRG,VWK,14
FRG,WWD,3
FRG,ZXU,8
FRY,GBR,6
FRY,HPN,8
FRY,TEB,2
FSD,GEG,201
FSD,HOU,131
FSD,IFP,2765
FSD,JAX,78
FSD,LAS,51516
FSD,LAX,6908
FSD,MLI,28
FSD,MSN,278
FSD,MSO,130
FSD,MSP,233781
FSD,MSY,274
FSD,MWA,254
FSD,NZY,108
FSD,OKC,552
FSD,OMA,302
FSD,ORD,261452
FSD,PAH,508
FSD,PDX,268
FSD,PGD,12356
FSD,PHX,47807
FSD,PIE,28214
FSD,RAP,219
FSD,RDU,156
FSD,RNO,447
FSD,ROC,93
FSD,SAT,544
FSD,SEA,177
FSD,SFB,27690
FSD,SGF,270
FSD,SJC,153
FSD,SLC,163
FSD,SNA,109
FSD,STC,129
FSD,TN8,13
FSD,TOL,92
FSD,TRM,4
FSD,YNG,548
FSM,MGM,66
FSM,PHX,61
FSM,SDF,62
FSM,STL,73
FSM,XNA,200
FTW,GNV,153
FTW,HOU,404
FTW,HVN,23
FTW,IDA,49
FTW,IND,261
FTW,JAC,49
FTW,LAS,33
FTW,LBB,419
FTW,MRY,8
FTW,MSY,295
FTW,NEW,10
FTW,NUQ,22
FTW,OPF,11
FTW,PIT,57
FTW,PSP,6
FTW,PVU,146
FTW,RDU,80
FTW,SAT,7
FTW,SCF,2
FTW,SUX,358
FTW,SWO,281
FTW,TLH,38
FTW,TPA,259
FTW,TUS,95
FTY,HHR,5
FTY,IAH,2
FTY,MDW,5
FTY,ROG,1
FTY,SCF,5
FTY,SDF,1
FTY,TEB,4
FTY,VNY,1
FVG,HHR,4
FVO,PAE,2
FWA,GGG,145
FWA,GPT,2110
FWA,GSO,49
FWA,GSP,191
FWA,ICT,65
FWA,IFP,462
FWA,LAS,25533
FWA,LIT,50
FWA,MDT,49
FWA,MEM,68
FWA,MSP,45089
FWA,MYR,7697
FWA,ORD,187578
FWA,PGD,63322
FWA,PIE,50932
FWA,RDU,64
FWA,RNO,134
FWA,SDF,81
FWA,SFB,43661
FWA,SRQ,26351
FWA,SYR,71
FWA,TXK,61
FWA,TYS,89
FXE,GNV,20
FXE,LEB,2
FXE,LEE,4
FXE,MCO,6
FXE,OAK,1
FXE,OCF,3
FXE,ORL,5
FXE,OSU,3
FXE,PDK,3
FXE,PHF,4
FXE,PIE,6
FXE,RSW,2
FXE,SRQ,4
FXE,TEB,8
FXE,TTN,15
FXE,TYS,4
FXE,VNY,13
FYU,HKB,12
FYU,KBC,641
FYU,KSM,10
FYU,MOU,8
FYU,MTX,2
FYU,SCC,4
FYU,VEE,867
FYU,WBQ,78
FYV,MIA,107
GAI,HPN,21
GAI,LCI,14
GAI,NPT,3
GAI,NY7,2
GAI,PVD,3
GAL,HCR,13
GAL,HSL,2169
GAL,KAL,1668
GAL,KGX,27
GAL,KSM,67
GAL,KYU,1055
GAL,MCG,9
GAL,MLL,5
GAL,MLY,1
GAL,MOU,7
GAL,NIB,2
GAL,NUL,2934
GAL,OME,130
GAL,OTZ,102
GAL,RBY,1532
GAL,SHX,9
GAL,SMK,12
GAL,TAL,88
GAL,UNK,67
GAL,VEE,10
GAL,WLK,6
GAL,WTK,6
GAM,GLV,48
GAM,KTS,9
GAM,OME,4871
GAM,OTZ,53
GAM,SHH,77
GAM,SKK,36
GAM,SVA,3396
GAM,TLA,26
GAM,TNC,9
GAM,UNK,75
GBH,MTX,1
GBH,PPC,10
GBH,SCC,1
GBR,HPN,3
GBR,HTO,6
GBR,ISP,2
GBR,MTP,13
GBR,NHZ,12
GBR,PNE,1
GBR,RDG,3
GCK,ICT,95
GCK,IFP,1137
GCK,ORD,72
GCK,SUS,7
GCK,UT1,7
GCN,L41,12
GCN,PGA,1794
GCN,RAP,3
GCN,SDX,4
GDC,SBN,30
GED,ISP,2
GED,MMU,1
GED,VA5,8
GED,VA8,7
GEG,HLN,70
GEG,HNL,245
GEG,IAD,427
GEG,IAH,333
GEG,ICT,74
GEG,IFP,925
GEG,JFK,176
GEG,LAS,207909
GEG,LAX,148568
GEG,LGB,159
GEG,MAF,181
GEG,MCI,353
GEG,MGM,215
GEG,MIA,147
GEG,MSO,566
GEG,MSP,243505
GEG,MSY,261
GEG,OAK,153671
GEG,OKC,263
GEG,ONT,230
GEG,ORD,19918
GEG,PDX,201413
GEG,PHX,310771
GEG,PIH,280
GEG,PSC,236
GEG,PSP,41
GEG,PUW,43
GEG,RDM,28
GEG,RNO,517
GEG,SAN,90470
GEG,SEA,1054214
GEG,SFO,95916
GEG,SJC,79962
GEG,SLC,329670
GEG,SMF,144595
GEG,SNA,10998
GEG,TCL,126
GEG,TTD,3
GEG,TWF,105
GEG,VNY,11
GEG,YKM,84
GFK,HUF,250
GFK,ITH,93
GFK,LAS,27895
GFK,MQY,5
GFK,MSO,272
GFK,MSP,128481
GFK,MWA,260
GFK,OMA,80
GFK,PIH,279
GFK,SAN,202
GFK,SEA,181
GFK,SFB,6522
GFK,STL,98
GFK,TCL,95
GFK,XWA,171
GFK,YNG,250
GFL,HPN,8
GFL,HTO,27
GFL,HVN,2
GFL,LEW,9
GFL,NPT,5
GFL,PNE,8
GFL,PVD,1
GFL,TEB,19
GGE,PWK,5
GGE,TEB,1
GGG,GJT,74
GGG,GLH,23
GGG,GSO,68
GGG,IFP,870
GGG,LAS,284
GGG,LGA,327
GGG,MFE,134
GGG,ORF,164
GGG,RNO,156
GGG,SAT,162
GGG,SFO,3
GGG,SGF,75
GGG,XNA,114
GJT,GRK,63
GJT,GUC,121
GJT,HDN,146
GJT,HPN,6
GJT,IAH,172
GJT,IND,313
GJT,JAC,134
GJT,JZT,8
GJT,LAS,22133
GJT,LAX,5574
GJT,LGA,302
GJT,MCI,262
GJT,MFR,139
GJT,MIA,330
GJT,MSP,133
GJT,ONT,148
GJT,ORD,210
GJT,PHL,159
GJT,PHX,110910
GJT,RIC,147
GJT,RNO,149
GJT,SAN,330
GJT,SEA,462
GJT,SFO,4031
GJT,SLC,3464
GJT,SLN,12
GJT,SMF,187
GJT,SNA,22421
GJT,SPS,74
GJT,TPA,305
GJT,TUL,55
GKN,MTX,50
GKN,MXY,291
GKN,MYK,75
GKN,VDZ,6
GLH,MQY,2
GLH,MWL,27
GLH,SAT,14
GLH,TBN,9
GLV,KKA,267
GLV,KTS,8
GLV,OME,1469
GLV,ORV,17
GLV,SHH,10
GLV,SKK,71
GLV,SMK,33
GLV,SVA,81
GLV,TLA,28
GLV,UNK,170
GLV,WAA,16
GLV,WBB,19
GLV,WMO,2227
GMT,OTZ,4
GNU,KKH,1
GNU,KPN,7
GNU,KUK,1
GNU,KWK,1
GNU,KWN,273
GNU,KWT,2
GNU,NME,12
GNU,PKA,1
GNU,PTU,329
GNU,TOG,3
GNU,WNA,1
GNU,WTL,5
GNV,GPT,2449
GNV,GSO,127
GNV,GSP,316
GNV,GTR,183
GNV,HPN,3
GNV,IND,272
GNV,JAN,67
GNV,JAX,200
GNV,LEX,785
GNV,MCO,187
GNV,MIA,32297
GNV,MLB,58
GNV,MSY,65
GNV,OKC,66
GNV,OMA,214
GNV,ORF,73
GNV,PGV,104
GNV,RDU,119
GNV,SAV,46
GNV,SHV,161
GNV,SWO,64
GNV,TCL,533
GNV,TLH,293
GNV,TMB,10
GNV,TPA,53
GNV,TUP,998
GNV,TXK,72
GNV,TYS,839
GNV,XNA,962
GON,HTO,3
GON,IAD,8
GON,ISP,2
GON,JFK,9
GON,LCI,4
GON,LEB,5
GON,LGA,7
GON,NPT,6
GON,PHL,6
GON,PNE,3
GON,RKD,8
GON,RUT,1
GON,TEB,39
GPT,GRB,2428
GPT,GRR,1619
GPT,GSO,3038
GPT,GSP,2636
GPT,HOU,4837
GPT,HSV,910
GPT,IAD,606
GPT,IAH,78122
GPT,ICT,146
GPT,ILM,403
GPT,IND,3390
GPT,JAN,172
GPT,JAX,4797
GPT,LAN,1289
GPT,LAS,24215
GPT,LBB,176
GPT,LBE,1570
GPT,LEX,296
GPT,LFT,74
GPT,LIT,1753
GPT,MAF,1040
GPT,MBS,358
GPT,MCI,3881
GPT,MCN,4016
GPT,MCO,91
GPT,MDT,305
GPT,MDW,2003
GPT,MEM,2573
GPT,MFE,3227
GPT,MGM,179
GPT,MKE,5263
GPT,MLB,4857
GPT,MOB,282
GPT,MSN,1999
GPT,MSP,6927
GPT,MSY,960
GPT,MYR,4122
GPT,OKC,2387
GPT,OMA,1066
GPT,ORD,1521
GPT,ORF,1080
GPT,PBI,3801
GPT,PGV,686
GPT,PHL,1867
GPT,PIA,732
GPT,PIE,29914
GPT,PIT,1635
GPT,PNS,103
GPT,RDU,2238
GPT,RFD,2530
GPT,RIC,3402
GPT,ROA,885
GPT,RSW,4519
GPT,SAT,7379
GPT,SAV,3088
GPT,SBN,1950
GPT,SDF,4568
GPT,SFB,7894
GPT,SFO,115
GPT,SGF,643
GPT,SJT,490
GPT,SPI,1007
GPT,SRQ,2771
GPT,STL,3601
GPT,TLH,48
GPT,TOL,1232
GPT,TPA,21660
GPT,TYS,1562
GPT,UOX,70
GPT,USA,602
GPT,VPS,340
GPT,XNA,970
GRB,HOU,63
GRB,IAH,193
GRB,IFP,2652
GRB,IMT,41
GRB,IND,295
GRB,JAC,14
GRB,JAX,486
GRB,LAS,161
GRB,LAX,342
GRB,LGA,301
GRB,MCO,9036
GRB,MDW,198
GRB,MEM,69
GRB,MKE,164
GRB,MLI,61
GRB,MQT,47
GRB,MSN,33
GRB,MSP,137067
GRB,MSY,330
GRB,OMA,845
GRB,ORD,264147
GRB,PIT,84
GRB,PVD,62
GRB,RDU,171
GRB,RIC,35
GRB,RNO,1483
GRB,RST,62
GRB,RSW,6545
GRB,SEA,512
GRB,SFO,187
GRB,SJC,595
GRB,STS,68
GRI,IFP,1754
GRI,LAS,28121
GRI,RNO,296
GRI,TYS,109
GRK,HRL,59
GRK,IFP,37
GRK,IND,215
GRK,JAX,171
GRK,LAL,122
GRK,LAS,214
GRK,LAX,149
GRK,LFT,73
GRK,MAF,30
GRK,MEM,203
GRK,MFE,7
GRK,MGE,84
GRK,MKC,108
GRK,MQY,490
GRK,MSN,306
GRK,MSO,46
GRK,PDX,295
GRK,PHL,120
GRK,RIV,615
GRK,RNO,451
GRK,SAN,258
GRK,SJT,37
GRK,SUU,160
GRK,TLH,75
GRK,TPA,124
GRK,TYS,518
GRR,IAH,55130
GRR,IFP,648
GRR,IND,289
GRR,JAX,140
GRR,LAN,48
GRR,LAS,80862
GRR,LAX,7657
GRR,LCK,1
GRR,LFT,136
GRR,LGA,130674
GRR,LIT,704
GRR,MCI,253
GRR,MCO,121530
GRR,MDT,122
GRR,MDW,245535
GRR,MEM,22
GRR,MGM,443
GRR,MIA,25697
GRR,MKE,623
GRR,MSN,49
GRR,MSP,281077
GRR,OKC,506
GRR,OMA,194
GRR,ORD,521722
GRR,ORF,10
GRR,PBI,3690
GRR,PDX,7203
GRR,PGD,92292
GRR,PHL,51268
GRR,PHX,33547
GRR,PIE,107380
GRR,PIT,171
GRR,PLN,34
GRR,PNS,211
GRR,PVU,185
GRR,RIC,167
GRR,RNO,858
GRR,RSW,33972
GRR,SAN,197
GRR,SAV,9088
GRR,SBN,124
GRR,SEA,72
GRR,SFB,114599
GRR,SFO,163
GRR,SGF,228
GRR,SJC,108
GRR,SNA,143
GRR,SRQ,42373
GRR,STL,146
GRR,SYR,205
GRR,TEB,2
GRR,TPA,21734
GRR,TUL,120
GRR,TVC,69
GRR,VPS,16496
GSB,SMF,147
GSO,GSP,343
GSO,HPN,67
GSO,IAD,13818
GSO,IAH,30
GSO,ILG,268
GSO,JAX,61
GSO,JFK,375
GSO,LAS,170
GSO,LEX,69
GSO,LFI,1
GSO,LFT,398
GSO,LGA,217446
GSO,LIT,83
GSO,LYH,212
GSO,MCI,182
GSO,MCO,379
GSO,MDT,353
GSO,MEM,361
GSO,MGM,50
GSO,MHT,125
GSO,MIA,46086
GSO,MOB,50
GSO,MSP,358
GSO,MYR,68
GSO,OAJ,69
GSO,OAK,352
GSO,OKC,170
GSO,ONT,113
GSO,ORD,155211
GSO,ORF,217
GSO,PGV,46
GSO,PHF,106
GSO,PHL,79156
GSO,PHX,186
GSO,PIE,25481
GSO,PIT,202
GSO,PNS,59
GSO,PSM,106
GSO,PVD,272
GSO,PWM,182
GSO,RDU,2650
GSO,RIC,552
GSO,ROA,687
GSO,ROC,162
GSO,SAN,187
GSO,SBN,180
GSO,SBY,162
GSO,SDF,130
GSO,SEA,159
GSO,SFB,11435
GSO,SFO,181
GSO,SJC,566
GSO,SLC,178
GSO,STL,153
GSO,STT,128
GSO,SYR,73
GSO,TLH,145
GSO,TPA,133
GSO,TRI,98
GSO,TUP,649
GSO,VNY,2
GSO,VPS,71
GSP,HOU,18841
GSP,HSV,171
GSP,HTS,39
GSP,HVN,35985
GSP,IAD,23370
GSP,IAH,97245
GSP,ILM,128
GSP,INT,66
GSP,JAN,50
GSP,LAS,188
GSP,LAX,7235
GSP,LEX,168
GSP,LGA,182639
GSP,LSE,116
GSP,MCI,129
GSP,MCO,6894
GSP,MDT,109
GSP,MDW,297
GSP,MEM,647
GSP,MGM,50
GSP,MHT,14132
GSP,MIA,61640
GSP,MKC,62
GSP,MKE,174
GSP,MOB,92
GSP,MSN,65
GSP,MSP,253
GSP,MSY,66
GSP,MTO,205
GSP,OAJ,27
GSP,OKC,65
GSP,ORD,187134
GSP,ORF,395
GSP,PBI,140
GSP,PHF,291
GSP,PHL,96626
GSP,PIA,46
GSP,PIE,32074
GSP,PIT,774
GSP,PNE,7
GSP,PNS,161
GSP,PVD,13448
GSP,RDU,823
GSP,RIC,129
GSP,ROA,464
GSP,ROC,13382
GSP,RSW,178
GSP,SAN,318
GSP,SAV,166
GSP,SBY,37
GSP,SDF,484
GSP,SFB,31656
GSP,SFO,339
GSP,SGF,74
GSP,SHD,18
GSP,SJU,344
GSP,SLC,121
GSP,SRQ,75
GSP,STL,401
GSP,SWF,234
GSP,SYR,50
GSP,TLH,482
GSP,TPA,14172
GSP,TUP,100
GSP,TYS,102
GST,HNH,48
GST,HNS,48
GST,JNU,19894
GST,KAE,9
GST,SGY,18
GTF,IFP,1346
GTF,LAS,27215
GTF,MSO,182
GTF,MSP,42159
GTF,OGD,68
GTF,ORD,1738
GTF,RAP,2
GTF,RNO,258
GTF,SEA,55844
GTF,SLC,106311
GTF,SRQ,1
GTF,XWW,2
GTR,LEX,34
GTR,LFT,73
GTR,MGM,73
GTR,PHX,336
GTR,PIT,39
GTR,ROA,38
GTR,TOL,166
GTR,TYS,398
GTR,XNA,225
GUC,IAH,12205
GUC,TEB,2
GUC,YKM,150
GUM,HNL,184681
GUM,ROP,3985
GUM,SPN,81526
GUM,TIQ,701
GUP,HSH,6
GUP,LAS,57
GUP,PHX,4916
GUP,SVC,7
GVL,VNY,5
GVQ,HPN,12
GVQ,TEB,2
GVT,PSP,6
GYR,SAN,3
GYR,TN8,14
GYY,HRL,1814
GYY,ICT,610
GYY,IND,3
GYY,LAX,16
GYY,MCI,3861
GYY,MIA,222
GYY,MWA,50
GYY,VNY,3
HAF,VNY,4
HAO,IND,1
HAR,WSH,12
HCR,KAL,8
HCR,KGX,199
HCR,KLG,17
HCR,MCG,206
HCR,MLL,2
HCR,NIB,14
HCR,PQS,1
HCR,RSH,36
HCR,SHX,93
HCR,SJC,5
HCR,TCT,34
HDN,IAD,3207
HDN,IAH,18433
HDN,IND,173
HDN,LAX,7413
HDN,MCI,6
HDN,MSP,4503
HDN,OKC,162
HDN,ORD,23562
HDN,PDX,174
HDN,PVD,3
HDN,RDU,3
HDN,RNO,141
HDN,SAN,4538
HDN,SEA,4485
HDN,SFO,1551
HDN,SJC,136
HDN,SLC,195
HDN,SNA,140
HDN,TUL,168
HFD,HTO,4
HFD,MMU,2
HFD,MVY,3
HFD,NJ1,2
HFD,OCE,2
HFD,ROC,1
HGR,HPN,4
HGR,MYR,19403
HGR,PIE,27180
HGR,SFB,35593
HHH,IAD,1
HHH,LGA,17067
HHH,MYR,60
HHH,ORD,4398
HHH,PBI,12
HHH,PHL,2185
HHH,PIT,57
HHH,RDU,112
HHH,RIC,59
HHH,SAV,163
HHH,SBN,9
HHH,TEB,10
HHH,TYS,69
HHH,UGN,22
HHH,VRB,2
HHR,HII,8
HHR,HSH,5
HHR,IGM,11
HHR,JAC,5
HHR,LAS,84
HHR,LAX,14
HHR,LMT,25
HHR,LUK,1
HHR,MCC,2
HHR,MCE,4994
HHR,MDW,1
HHR,MER,6
HHR,MFR,94
HHR,MHR,9
HHR,MHV,16
HHR,MMH,3398
HHR,MRY,49
HHR,MSO,7
HHR,MSP,6
HHR,NUQ,2
HHR,NV6,12
HHR,OAK,43
HHR,OGD,16
HHR,OTH,16
HHR,PAO,2
HHR,PGA,4
HHR,PHX,76
HHR,PRB,4
HHR,PSP,13
HHR,PVU,48
HHR,PWK,2
HHR,RBL,6
HHR,RDM,3
HHR,RDU,8
HHR,RIL,7
HHR,SAC,3
HHR,SAF,22
HHR,SAN,2
HHR,SAT,7
HHR,SBA,1
HHR,SBP,7
HHR,SCF,17
HHR,SDF,13
HHR,SDM,10
HHR,SFO,25
HHR,SJC,3
HHR,SLC,123
HHR,SNA,1
HHR,SNS,5
HHR,SSI,1
HHR,STS,34
HHR,SUN,1
HHR,SVC,22
HHR,TEB,2
HHR,TKF,25
HHR,TRM,35
HHR,TUS,6
HHR,TVL,3
HHR,UDD,26
HHR,UIN,5
HHR,UT1,28
HHR,VNY,1
HHR,VWD,2
HIB,IFP,1772
HIB,MSP,20397
HIE,HTO,1
HIE,NYS,1
HIE,TEB,2
HII,SCF,2
HIO,RCE,36
HIO,TRM,4
HKB,TKJ,89
HKY,LFT,334
HKY,MSN,93
HKY,PGV,123
HLM,MDW,1
HLN,LAS,86
HLN,PDX,25
HLN,SEA,53208
HLN,SLC,83477
HNH,JNU,11175
HNH,KAE,34
HNH,KLW,97
HNH,KTN,42
HNH,PEC,2
HNH,PSG,19
HNH,SGY,30
HNH,SIT,39
HNH,TKE,3
HNL,HNM,44
HNL,IAD,48022
HNL,IAH,266867
HNL,ITO,1303676
HNL,JFK,291820
HNL,JHM,4186
HNL,KOA,1452758
HNL,LAS,678213
HNL,LAX,2436393
HNL,LGB,238200
HNL,LIH,1540435
HNL,LNY,37510
HNL,LUP,4333
HNL,MKK,102325
HNL,MSP,147621
HNL,MUE,12
HNL,OAK,372117
HNL,OGG,2010642
HNL,OMA,6
HNL,ONT,125396
HNL,ORD,214855
HNL,PAE,37934
HNL,PDX,295559
HNL,PHX,518566
HNL,PPG,62058
HNL,PSP,159
HNL,PVU,691
HNL,RDU,74
HNL,RNO,302
HNL,SAN,589406
HNL,SEA,1012705
HNL,SFO,1191117
HNL,SJC,448333
HNL,SLC,236810
HNL,SMF,269058
HNL,SNA,10
HNL,STS,1
HNL,SUN,6
HNL,SYR,106
HNL,TIW,4
HNL,TPA,778
HNL,TUS,2
HNL,VNY,15
HNM,JHM,15
HNM,KOA,14
HNM,MKK,18
HNM,OGG,4966
HNS,JNU,13576
HNS,SGY,2806
HNS,SIT,1
HNS,YAK,9
HOB,HOU,275
HOB,IAH,26832
HOB,LBB,50
HOB,MAF,61
HOB,VNY,2
HOM,ILI,17
HOM,KEB,4188
HOM,KSM,3
HOM,PDB,1
HOM,PGM,4193
HOM,PPC,4
HOM,SOV,8879
HOM,SWD,13
HOP,HRL,88
HOP,MCI,94
HOP,MHK,94
HOT,HRO,8
HOT,LAX,4
HOT,MEM,557
HOU,HPN,139
HOU,HRL,314764
HOU,HUF,241
HOU,HVN,12562
HOU,IAD,134
HOU,IAH,4004
HOU,ICT,137
HOU,IFP,300
HOU,IND,119527
HOU,JAN,172397
HOU,JAX,80895
HOU,LAN,276
HOU,LAS,557891
HOU,LAX,342384
HOU,LBB,21243
HOU,LCH,44
HOU,LFT,60
HOU,LGA,362271
HOU,LGB,176524
HOU,LIT,8879
HOU,LRU,149
HOU,MAF,264514
HOU,MCI,235701
HOU,MCO,533744
HOU,MDW,481668
HOU,MEM,176390
HOU,MHK,41
HOU,MIA,168256
HOU,MKC,347
HOU,MKE,541
HOU,MSP,20087
HOU,MSY,510895
HOU,MYR,51
HOU,OAK,129385
HOU,OKC,296848
HOU,OMA,89505
HOU,ONT,98591
HOU,ORD,753
HOU,PDX,227
HOU,PGV,34
HOU,PHL,3111
HOU,PHX,537075
HOU,PIE,66
HOU,PIT,75314
HOU,PNS,88751
HOU,PSP,128
HOU,PVU,38420
HOU,RDU,80913
HOU,RIL,1
HOU,RNO,870
HOU,RSW,10422
HOU,SAN,196960
HOU,SAT,340586
HOU,SAV,52120
HOU,SBA,2
HOU,SCF,4
HOU,SDF,80480
HOU,SEA,1054
HOU,SFB,366
HOU,SFO,403
HOU,SJC,103209
HOU,SJT,71
HOU,SJU,32869
HOU,SLC,102947
HOU,SMF,98810
HOU,SNA,147
HOU,SRQ,55233
HOU,STL,345199
HOU,STT,90
HOU,SWF,327
HOU,SWO,76
HOU,TEB,27
HOU,TLH,339
HOU,TN8,13
HOU,TPA,257784
HOU,TUL,147782
HOU,TUS,79343
HOU,TYS,16043
HOU,UGN,2
HOU,USA,315
HOU,VNY,6
HOU,VPS,60619
HOU,XNA,975
HOU,YIP,727
HPB,KNW,9
HPB,KOT,11
HPB,KSM,59
HPB,KUK,10
HPB,KWN,9
HPB,KWT,42
HPB,MCG,8
HPB,MLL,1
HPB,MOU,74
HPB,MYU,5
HPB,NUP,6
HPB,OOK,40
HPB,PHO,18
HPB,PQS,11
HPB,SCM,1534
HPB,SXP,21
HPB,VAK,3221
HPB,WNA,2
HPB,WTL,4
HPB,WWT,2
HPN,HSH,5
HPN,HTO,76
HPN,HYA,88
HPN,IAD,752
HPN,IDA,2
HPN,ILG,23
HPN,IND,597
HPN,INT,1
HPN,ISM,3
HPN,ITH,28
HPN,JAC,19
HPN,JAX,4201
HPN,JFK,1856
HPN,JHW,19
HPN,JRA,4
HPN,LAS,57
HPN,LAX,227
HPN,LBE,33
HPN,LCI,46
HPN,LEB,7362
HPN,LEW,5
HPN,LEX,6
HPN,LGA,248
HPN,LKP,22
HPN,LWM,4
HPN,LZU,11
HPN,MA1,7
HPN,MA2,6
HPN,MA5,6
HPN,MCO,325472
HPN,MD2,10
HPN,MDT,83
HPN,MDW,256
HPN,ME5,10
HPN,MEM,59
HPN,MFV,4
HPN,MGR,10
HPN,MHT,14
HPN,MIA,21919
HPN,MIV,1
HPN,MKE,84
HPN,MMU,22
HPN,MPV,23
HPN,MQY,14
HPN,MSP,60
HPN,MSY,205
HPN,MTN,30
HPN,MTP,39
HPN,MVL,6
HPN,MVY,4614
HPN,MYR,14429
HPN,N2Y,16
HPN,N4Y,14
HPN,NAD,5
HPN,NEW,9
HPN,NHZ,6
HPN,NJ1,17
HPN,NJ4,3
HPN,NPT,23
HPN,NY5,5
HPN,NYS,8
HPN,OAK,4
HPN,OGS,18
HPN,OMA,125
HPN,OPF,16831
HPN,ORD,112594
HPN,ORF,4164
HPN,OSU,6
HPN,OWD,14
HPN,OXC,9
HPN,OXD,15
HPN,PA5,17
HPN,PBG,9
HPN,PBI,460574
HPN,PDK,17
HPN,PDX,60
HPN,PHF,4
HPN,PHL,1125
HPN,PHX,105
HPN,PIE,11
HPN,PIT,257
HPN,PNE,4
HPN,PSM,16
HPN,PTK,48
HPN,PVC,22
HPN,PVD,545
HPN,PWK,4
HPN,PWM,2324
HPN,PYM,17
HPN,RDU,21562
HPN,RIC,226
HPN,RKD,25
HPN,RME,4
HPN,ROA,4
HPN,ROC,161
HPN,RSW,116465
HPN,RUT,5
HPN,SAN,7
HPN,SAT,51
HPN,SAV,9078
HPN,SBN,10
HPN,SCE,18
HPN,SFO,4
HPN,SHD,12
HPN,SJC,54
HPN,SJU,13032
HPN,SLC,2
HPN,SLK,82
HPN,SNA,24
HPN,SOP,10
HPN,SRQ,3737
HPN,SSI,16
HPN,STL,108
HPN,STS,3
HPN,SUA,7
HPN,SUN,16
HPN,SUS,1
HPN,SYR,208
HPN,T4X,3
HPN,TEB,25
HPN,TLH,156
HPN,TOL,280
HPN,TPA,93370
HPN,TTN,8
HPN,TX6,2
HPN,UBF,69
HPN,VJI,22
HPN,VNY,32
HPN,VRB,68506
HPN,VSF,4
HPN,VWK,33
HPN,WST,2
HPN,WVL,5
HPN,YIP,14
HRL,IAH,146100
HRL,LRD,8052
HRL,MAF,172
HRL,MCI,926
HRL,MCO,168
HRL,MDT,200
HRL,MFE,312
HRL,MIA,4853
HRL,MRY,100
HRL,MSP,92393
HRL,OKC,106
HRL,OMA,1293
HRL,ORD,1724
HRL,PSP,42
HRL,RIC,95
HRL,SAN,1283
HRL,SAT,1283
HRL,SHV,6
HRL,SJC,103
HRL,STL,107
HRL,TOL,3838
HRL,TUL,175
HRL,TUS,721
HRL,VCV,126
HRL,YUM,33
HRO,MEM,1069
HSH,IAD,2
HSH,LAX,4
HSH,MCE,30
HSH,MDW,4
HSH,ONT,9
HSH,OPF,1
HSH,OXR,2
HSH,PAE,4
HSH,PBI,18
HSH,PHX,9
HSH,RNO,2
HSH,SBA,10
HSH,SFO,5
HSH,SJC,13
HSH,SNA,10
HSH,STS,5
HSH,TEB,3
HSH,TRM,1
HSH,TVC,4
HSH,VNY,61
HSL,HUS,300
HSL,KAL,4
HSL,KYU,17
HSL,LMA,18
HSL,MNT,54
HSL,NUL,85
HSL,OBU,2
HSL,OME,38
HSL,RBY,896
HSL,RMP,2
HSL,TAL,248
HSV,IAD,89520
HSV,IAH,110744
HSV,ICT,114
HSV,IFP,182
HSV,IND,144
HSV,JAN,64
HSV,JAX,143
HSV,LAS,21826
HSV,LAX,5249
HSV,LIT,306
HSV,MCO,33231
HSV,MDW,73
HSV,MEM,349
HSV,MGM,118
HSV,MIA,4705
HSV,MKE,39
HSV,MQY,5
HSV,MSN,227
HSV,MSP,601
HSV,OKC,215
HSV,OMA,101
HSV,ONT,185
HSV,ORD,86939
HSV,PHF,69
HSV,PIT,52
HSV,PNS,219
HSV,RDU,60
HSV,RIC,132
HSV,ROA,44
HSV,RSW,72
HSV,SAT,129
HSV,SAV,127
HSV,SDF,102
HSV,SGF,64
HSV,SHV,74
HSV,SJU,75
HSV,SPS,63
HSV,SRQ,188
HSV,STL,318
HSV,TLH,300
HSV,TPA,20103
HSV,TRI,50
HSV,TXK,55
HSV,TYS,32
HSV,XNA,189
HTO,HVN,13
HTO,HYA,13
HTO,IAD,8
HTO,ILG,33
HTO,ITH,16
HTO,JFK,17
HTO,JRA,1
HTO,JZU,12
HTO,LCI,4
HTO,LEB,31
HTO,LEW,19
HTO,LGA,24
HTO,LKP,6
HTO,LWM,1
HTO,MA2,10
HTO,MA4,8
HTO,MD6,4
HTO,MDT,14
HTO,ME4,2
HTO,MIV,7
HTO,MMU,36
HTO,MNZ,2
HTO,MSV,32
HTO,MTN,8
HTO,MVY,109
HTO,N1Y,8
HTO,NAD,3
HTO,NHZ,6
HTO,NJ2,7
HTO,NPT,9
HTO,NY1,8
HTO,NY5,22
HTO,NY9,7
HTO,NYS,4803
HTO,ONH,4
HTO,OWD,25
HTO,OWK,19
HTO,OXC,3
HTO,PHL,12
HTO,PNE,2
HTO,POU,2
HTO,PSF,11
HTO,PSM,2
HTO,PVC,36
HTO,PVD,16
HTO,PWM,40
HTO,PYM,12
HTO,RDG,2
HTO,RKD,3
HTO,ROC,6
HTO,RUT,3
HTO,SCH,4
HTO,SLK,4
HTO,SWF,12
HTO,SXY,6
HTO,SYR,2
HTO,TEB,62
HTO,TSS,6
HTO,TTN,4
HTO,UBF,4
HTO,VA8,4
HTO,VWK,8
HTO,WST,2
HTO,WVL,21
HTS,ISP,248
HTS,LAS,145
HTS,LFT,332
HTS,LYH,41
HTS,MLU,313
HTS,MYR,15080
HTS,ORF,329
HTS,PGD,6382
HTS,PIB,319
HTS,PIE,48060
HTS,ROA,50
HTS,SAV,157
HTS,SFB,41151
HTS,TRI,36
HTS,VPS,10715
HUF,IAH,1
HUF,SUX,278
HUS,KAL,2
HUS,MLY,16
HUS,OBU,12
HUS,RBY,13
HUS,SHG,6
HUS,TAL,4
HVN,IAD,13451
HVN,ILM,44476
HVN,ITH,4
HVN,LAL,14202
HVN,LEB,3
HVN,MCO,165779
HVN,MDW,18446
HVN,MLB,532
HVN,MSY,3180
HVN,MTP,15
HVN,MVY,18
HVN,MYR,63571
HVN,NYS,20
HVN,PBI,87973
HVN,PHL,124
HVN,PNE,10
HVN,PVD,4
HVN,RDU,95542
HVN,RSW,89435
HVN,RUT,4
HVN,SAV,15950
HVN,SFO,12
HVN,SJC,3
HVN,SJU,30350
HVN,SLK,1
HVN,SRQ,55059
HVN,STL,9128
HVN,TEB,4
HVN,TPA,85450
HVN,TVC,2099
HVN,TYS,15649
HVN,USA,34510
HVN,VA8,6
HVN,VPS,11810
HVN,VRB,955
HWD,KOA,3
HWD,OPF,4
HWD,PAE,5
HWD,SBA,4
HWD,SUN,16
HWD,VNY,5
HYA,IAD,5
HYA,ILM,4
HYA,JFK,12935
HYA,LCI,8
HYA,LGA,10808
HYA,LNS,10
HYA,ME3,2
HYA,MMU,1
HYA,MTP,14
HYA,MVY,720
HYA,NJ1,8
HYA,NJ7,4
HYA,NY7,2
HYA,PBI,2
HYA,PCT,3
HYA,PNE,8
HYA,PSM,6
HYA,PVD,89
HYA,RKD,5
HYA,SNA,2
HYA,STL,2
HYA,SWF,46
HYA,TEB,48
HYA,VWK,6
HYA,WST,1
HYG,WFB,5
HYL,KTB,35
HYL,MTM,1
HYL,WFB,156
HYS,ORD,4556
HYS,SLN,5143
HZL,NPT,2
HZL,OCE,8
IAD,IAH,495919
IAD,ICT,108
IAD,IGM,1
IAD,ILM,124
IAD,IND,160048
IAD,INT,150
IAD,IPT,1960
IAD,ITH,5
IAD,JAC,90
IAD,JAX,216649
IAD,JFK,86182
IAD,JST,17667
IAD,LAS,291677
IAD,LAX,944708
IAD,LBB,286
IAD,LEB,2
IAD,LGA,201274
IAD,LGB,68
IAD,LNK,174
IAD,LNS,5963
IAD,LUK,91
IAD,LWB,1
IAD,MA1,25
IAD,MAF,268
IAD,MCI,83126
IAD,MCO,522775
IAD,MDT,33198
IAD,MDW,6362
IAD,MEM,523
IAD,MGM,52
IAD,MGW,11674
IAD,MHT,104
IAD,MIA,162393
IAD,MKC,341
IAD,MKE,5134
IAD,MLI,981
IAD,MMU,9
IAD,MOB,30948
IAD,MOT,216
IAD,MSN,123
IAD,MSP,233645
IAD,MSY,177596
IAD,MVY,35
IAD,MYR,1550
IAD,NJ2,8
IAD,NY1,2
IAD,OAK,1
IAD,OGS,3707
IAD,OKC,696
IAD,OMA,290
IAD,ONT,46
IAD,OPF,1
IAD,ORD,483467
IAD,ORF,207471
IAD,OXC,18
IAD,PBI,20479
IAD,PDK,7
IAD,PDX,88441
IAD,PGD,17714
IAD,PHL,60397
IAD,PHX,315747
IAD,PIT,153112
IAD,PNS,188
IAD,POU,3
IAD,PSC,9
IAD,PSM,38
IAD,PSP,3334
IAD,PVC,4
IAD,PVD,106584
IAD,PVU,6812
IAD,PWK,2
IAD,PWM,139231
IAD,PWT,2
IAD,RDU,260154
IAD,RFD,165
IAD,RIC,114628
IAD,ROA,90392
IAD,ROC,110089
IAD,RSW,143851
IAD,SAN,554442
IAD,SAT,185186
IAD,SAV,130007
IAD,SBN,4672
IAD,SCE,37550
IAD,SCH,2
IAD,SDF,102177
IAD,SEA,631581
IAD,SFB,146
IAD,SFO,998744
IAD,SJC,125
IAD,SJU,134700
IAD,SLC,107063
IAD,SLK,6
IAD,SMF,87358
IAD,SNA,94
IAD,SRQ,56407
IAD,SSI,4
IAD,STL,58909
IAD,STS,7
IAD,STT,73063
IAD,SWF,8
IAD,SYR,126738
IAD,TEB,184
IAD,TIX,14
IAD,TLH,246
IAD,TPA,310230
IAD,TUL,23
IAD,TVC,1040
IAD,TYS,100024
IAD,UGN,2
IAD,USA,27
IAD,VNY,26
IAD,VRB,2231
IAG,MGW,8
IAG,ORD,412
IAG,PGD,59014
IAG,PIB,137
IAG,PIE,35708
IAG,PIT,330
IAG,SFB,21255
IAG,TEB,6
IAH,ICT,122660
IAH,IFP,1187
IAH,ILG,3
IAH,IND,250287
IAH,JAC,14243
IAH,JAN,111783
IAH,JAX,237870
IAH,JFK,92811
IAH,LAS,1238136
IAH,LAX,1578658
IAH,LBB,106780
IAH,LBE,174
IAH,LBL,5
IAH,LCH,69036
IAH,LFT,168349
IAH,LGA,975738
IAH,LGB,131
IAH,LIT,172241
IAH,LNK,12558
IAH,LRD,90125
IAH,LRU,45
IAH,LYH,330
IAH,MAF,276163
IAH,MCI,230573
IAH,MCO,1140367
IAH,MDH,144
IAH,MDT,889
IAH,MDW,149228
IAH,MEI,33421
IAH,MEM,231808
IAH,MFE,335530
IAH,MHK,339
IAH,MIA,904778
IAH,MKC,74
IAH,MKE,78360
IAH,MLU,49
IAH,MOB,130048
IAH,MOT,2378
IAH,MSN,2777
IAH,MSO,148
IAH,MSP,436699
IAH,MSY,755090
IAH,MTJ,23077
IAH,MYR,344
IAH,OAK,418
IAH,OGG,225
IAH,OKC,297359
IAH,OMA,154656
IAH,ONT,102322
IAH,ORD,1598064
IAH,ORF,77064
IAH,PBI,76147
IAH,PDX,247222
IAH,PHL,577116
IAH,PHX,761652
IAH,PIA,149
IAH,PIB,28634
IAH,PIT,202090
IAH,PNS,194990
IAH,PSP,34703
IAH,PVD,360
IAH,RAP,396
IAH,RDU,290720
IAH,RFD,93
IAH,RIC,67501
IAH,RNO,12600
IAH,ROG,3
IAH,RSW,220950
IAH,SAF,2343
IAH,SAN,523316
IAH,SAT,581841
IAH,SAV,82729
IAH,SDF,127652
IAH,SEA,612378
IAH,SFO,1097811
IAH,SGF,87271
IAH,SHV,115768
IAH,SJC,74198
IAH,SJU,299093
IAH,SLC,456756
IAH,SMF,156060
IAH,SNA,314330
IAH,SRQ,11058
IAH,STL,211387
IAH,STP,1
IAH,STT,28943
IAH,SYR,161
IAH,TLH,270
IAH,TOL,34
IAH,TPA,510247
IAH,TUL,216375
IAH,TUS,122200
IAH,TVC,1137
IAH,TYS,120938
IAH,VCT,27048
IAH,VCV,173
IAH,VPS,465
IAH,XNA,152376
IAH,YUM,576
IAN,KVL,36
IAN,OBU,65
IAN,ORV,2512
IAN,OTZ,4425
IAN,RDB,670
IAN,SHG,121
IAN,WLK,121
IAN,WTK,51
ICT,IFP,1226
ICT,IND,106
ICT,JAX,184
ICT,LAN,73
ICT,LAS,123499
ICT,LAW,71
ICT,LAX,8227
ICT,LEX,476
ICT,LGA,159
ICT,MCI,1358
ICT,MCN,280
ICT,MCO,404
ICT,MDW,536
ICT,MEM,242
ICT,MFR,116
ICT,MHK,104
ICT,MIA,3115
ICT,MSP,43307
ICT,MSY,259
ICT,OAK,166
ICT,OKC,225
ICT,OMA,208
ICT,ORD,208662
ICT,ORF,221
ICT,PBI,98
ICT,PDX,170
ICT,PGV,54
ICT,PHL,473
ICT,PHX,66658
ICT,PIE,6917
ICT,PIT,143
ICT,PVU,190
ICT,RDU,301
ICT,RIC,75
ICT,RIL,14
ICT,RNO,154
ICT,SAN,460
ICT,SAT,96
ICT,SEA,40899
ICT,SFB,10413
ICT,SFO,159
ICT,SGF,104
ICT,SJC,91
ICT,SJU,164
ICT,SLC,64
ICT,SMF,124
ICT,SNA,500
ICT,STL,148935
ICT,TEB,33
ICT,TPA,360
ICT,TSM,3
ICT,TUL,548
ICT,VPS,19017
ICT,XNA,112
ID1,LAS,2
ID1,TKF,2
ID1,VNY,2
IDA,JAC,678
IDA,LAS,28366
IDA,MCI,137
IDA,OAK,5303
IDA,PDX,11873
IDA,PHX,22003
IDA,PSC,68
IDA,PSP,61
IDA,SAT,88
IDA,SEA,75672
IDA,SFO,139
IDA,SLC,141791
IDA,SNA,30828
IDA,SUN,100
IDA,TEB,8
IDA,TUS,49
IDA,VNY,3
IDA,YKM,64
IFP,IND,2042
IFP,INL,1060
IFP,JAX,357
IFP,LAN,173
IFP,LAS,5
IFP,LBB,982
IFP,LGB,1325
IFP,LIT,436
IFP,LNK,1001
IFP,LSE,2261
IFP,MAF,821
IFP,MBS,1179
IFP,MCI,1499
IFP,MCN,335
IFP,MEM,302
IFP,MFE,1278
IFP,MKE,3374
IFP,MLI,2272
IFP,MOT,1247
IFP,MRY,1430
IFP,MSN,3476
IFP,MSP,9044
IFP,MSY,408
IFP,OAK,603
IFP,OKC,1122
IFP,OMA,1540
IFP,ONT,277
IFP,ORD,965
IFP,PAH,89
IFP,PDX,1816
IFP,PHL,326
IFP,PIA,869
IFP,PIT,345
IFP,PNS,169
IFP,PSC,1142
IFP,PSP,477
IFP,PUB,240
IFP,RAP,1053
IFP,RDU,320
IFP,RFD,1572
IFP,RST,2157
IFP,SAN,702
IFP,SAT,1699
IFP,SBA,131
IFP,SBN,1107
IFP,SDF,2141
IFP,SEA,1379
IFP,SFB,352
IFP,SGF,847
IFP,SHV,520
IFP,SJC,910
IFP,SJT,1749
IFP,SMF,1220
IFP,SMX,1228
IFP,SPI,300
IFP,STC,2499
IFP,STL,1670
IFP,TOL,564
IFP,TUL,1236
IFP,TUS,731
IFP,TYS,981
IFP,USA,536
IFP,XNA,886
IGG,ILI,128
IGG,KLL,39
IGG,KNK,41
IGG,KNW,14
IGG,NNL,18
IGM,LAS,9
IKK,OAK,12
IKV,IND,11
IKV,MCO,544
IKV,PAH,4
ILG,ILM,14582
ILG,JST,1
ILG,LAL,4142
ILG,LEX,272
ILG,MCO,58555
ILG,MDW,99
ILG,MGW,4
ILG,MLI,21
ILG,MSY,358
ILG,MYR,14385
ILG,ORL,10
ILG,PBI,13892
ILG,RDU,292
ILG,RSW,30411
ILG,SCE,4
ILG,SJU,27079
ILG,SRQ,10768
ILG,SWF,2
ILG,TEB,6
ILG,TPA,33633
ILG,USA,3713
ILI,KGK,19
ILI,KKI,16
ILI,KLL,4
ILI,KNK,1345
ILI,KNW,84
ILI,KVC,36
ILI,LVD,7
ILI,NLG,9
ILI,NNL,376
ILI,PDB,108
ILI,PML,8
ILI,PTA,116
ILI,QQB,8
ILM,JAX,167
ILM,JFK,128
ILM,LGA,185452
ILM,MCO,27447
ILM,MDT,98
ILM,MEM,266
ILM,MIA,17376
ILM,MSP,17092
ILM,MYR,271
ILM,OAJ,74
ILM,ORD,19148
ILM,PGV,86
ILM,PHL,90843
ILM,PIT,57
ILM,PVD,207
ILM,RDU,1011
ILM,RIC,30
ILM,RST,81
ILM,RSW,3414
ILM,SAV,116
ILM,SFO,161
ILM,SPS,142
ILM,TPA,26214
IMT,MKE,20
IMT,MSP,17051
IN2,ISM,54
IN6,SGU,7
IN6,SNA,8
IND,JAC,118
IND,JAX,26833
IND,JFK,233142
IND,LAN,143
IND,LAS,448165
IND,LAX,176915
IND,LEX,87
IND,LFT,52
IND,LGA,312551
IND,LGB,491
IND,LGU,95
IND,LIT,239
IND,LSE,142
IND,MCI,91250
IND,MCO,656089
IND,MDT,233
IND,MDW,9904
IND,MEM,583
IND,MHT,173
IND,MIA,190565
IND,MKC,236
IND,MKE,1491
IND,MLI,172
IND,MLU,66
IND,MOT,99
IND,MRY,351
IND,MSN,87
IND,MSP,336496
IND,MSY,5789
IND,MYR,8698
IND,OGD,95
IND,OKC,1434
IND,OMA,468
IND,ONT,105
IND,ORD,585990
IND,ORF,631
IND,OXR,1
IND,PBI,4420
IND,PDX,1535
IND,PGD,68630
IND,PHL,255151
IND,PHX,423244
IND,PIA,80
IND,PIE,70957
IND,PIT,1289
IND,PSP,307
IND,PTK,53
IND,PVD,724
IND,PVU,159
IND,PWM,78
IND,RDU,17805
IND,RIC,386
IND,RNO,340
IND,ROC,168
IND,RSW,239548
IND,SAN,22587
IND,SAT,712
IND,SAV,9074
IND,SCE,571
IND,SDF,1011
IND,SEA,160964
IND,SFB,65225
IND,SFO,104645
IND,SGF,162
IND,SHD,319
IND,SJC,158
IND,SJU,990
IND,SLC,84178
IND,SMF,140
IND,SNA,573
IND,SRQ,83335
IND,STL,2007
IND,SYI,11
IND,SYR,198
IND,TEB,28
IND,TLH,43
IND,TN8,24
IND,TPA,261006
IND,TUL,416
IND,TUS,359
IND,TYS,47
IND,UGN,6
IND,USA,344
IND,VPS,23796
IND,XNA,99
INL,MSP,28451
INS,NZY,39
INT,MCO,250
INT,MIA,191
INT,MSP,74
INT,PHL,59
INT,PIT,207
INT,RDU,76
INT,SBN,155
INT,SDF,108
INT,SYR,197
INT,TLH,90
INT,VNY,2
IPL,LAX,4978
IPL,PHX,2395
IPL,SAN,10
IPL,SJC,11
IPT,ONT,49
IPT,PTK,61
IRK,MQY,3
IRK,MWA,2
IRK,ORD,11015
IRK,PIA,25
ISM,SUA,6
ISM,TEB,4
ISP,LGA,260
ISP,LNK,357
ISP,LNS,4
ISP,MCO,382786
ISP,MDW,178
ISP,MIA,4348
ISP,MVY,2
ISP,MYR,50916
ISP,ORF,19495
ISP,PBI,249466
ISP,PHF,275
ISP,PIT,129
ISP,PVC,8
ISP,PWM,3508
ISP,RDU,24246
ISP,RIC,4158
ISP,RSW,46386
ISP,SHD,2
ISP,SRQ,2411
ISP,TPA,135516
ISP,VRB,15780
ITH,JFK,79848
ITH,LAS,45
ITH,LGA,2
ITH,MTP,4
ITH,PHL,2
ITH,RDU,2
ITH,SDF,64
ITH,SYR,31
ITH,TEB,21
ITH,TVC,10
ITH,VNY,7
ITH,WST,4
ITO,LNY,17
ITO,OGG,63498
IWD,MSP,4846
IWD,ORD,9096
JAC,LAX,52147
JAC,MCI,127
JAC,MDW,4
JAC,MKE,106
JAC,MSN,115
JAC,MSP,4627
JAC,OAK,4
JAC,OKC,238
JAC,ORD,149078
JAC,PDK,14
JAC,PHX,9
JAC,PIH,87
JAC,PSP,91
JAC,RIL,2
JAC,SAN,2500
JAC,SAT,10
JAC,SBA,8
JAC,SCF,6
JAC,SEA,16938
JAC,SFO,50471
JAC,SJC,17
JAC,SLC,203641
JAC,STL,148
JAC,T4X,1
JAC,TEB,8
JAC,TWF,119
JAC,VNY,32
JAC,YKM,5
JAN,LAS,139
JAN,LAX,269
JAN,LFT,134
JAN,LGA,287
JAN,LIT,276
JAN,MCI,140
JAN,MCO,6861
JAN,MEM,344
JAN,MGM,142
JAN,MIA,278
JAN,MLU,316
JAN,MOB,38
JAN,MSY,1139
JAN,ORD,121
JAN,PHL,70
JAN,PIT,42
JAN,PNS,163
JAN,SAT,233
JAN,SDF,1
JAN,SFB,289
JAN,SHV,50
JAN,THA,5
JAN,TPA,1
JAX,JFK,362728
JAX,LAS,23589
JAX,LAX,25172
JAX,LEE,3
JAX,LEX,15
JAX,LGA,159239
JAX,LIT,167
JAX,MCI,519
JAX,MCO,12430
JAX,MDT,14057
JAX,MDW,104473
JAX,MEM,345
JAX,MGR,1
JAX,MIA,329567
JAX,MKE,574
JAX,MQY,2
JAX,MSN,260
JAX,MSP,111549
JAX,MSY,9970
JAX,MTH,7
JAX,MTJ,162
JAX,MYR,392
JAX,OKC,358
JAX,OPF,12
JAX,ORD,294736
JAX,ORF,48698
JAX,PBG,118
JAX,PBI,299
JAX,PHL,344195
JAX,PHX,92288
JAX,PIE,149
JAX,PIT,36726
JAX,PNS,278
JAX,PVD,33948
JAX,PVU,124
JAX,RDU,5866
JAX,RIC,5999
JAX,RSW,515
JAX,SAN,7737
JAX,SAT,124
JAX,SAV,1121
JAX,SCE,11
JAX,SDF,123
JAX,SEA,645
JAX,SFO,273
JAX,SJU,61812
JAX,SLC,142
JAX,SPI,72
JAX,SRQ,541
JAX,STL,93686
JAX,SUA,8
JAX,TEB,41
JAX,TLH,319
JAX,TN8,12
JAX,TPA,7305
JAX,TUP,73
JAX,TYS,14191
JAX,VNY,9
JAX,VPS,589
JAX,VRB,4
JBR,STL,2592
JFK,LAS,1019454
JFK,LAX,2784798
JFK,LEX,69
JFK,LGA,7179
JFK,LGB,65
JFK,LIT,328
JFK,LNK,378
JFK,LNS,2
JFK,MCI,92143
JFK,MCO,1392745
JFK,MD1,2
JFK,MDT,580
JFK,MDW,288
JFK,MEM,87
JFK,MIA,1644225
JFK,MKC,193
JFK,MKE,119598
JFK,MLB,144
JFK,MOB,116
JFK,MSN,73
JFK,MSP,275715
JFK,MSV,3
JFK,MSY,272735
JFK,MVY,41621
JFK,MYR,239
JFK,N1Y,12
JFK,N4Y,1
JFK,NY7,2
JFK,NYS,2
JFK,OAK,155
JFK,OCE,10
JFK,OKC,569
JFK,OMA,347
JFK,ONT,89834
JFK,ORD,502842
JFK,ORF,167399
JFK,ORH,14590
JFK,OWD,4
JFK,PA5,6
JFK,PBI,555012
JFK,PDX,286688
JFK,PHL,6072
JFK,PHX,849088
JFK,PIE,67
JFK,PIT,189071
JFK,PSC,185
JFK,PSE,68704
JFK,PSF,1
JFK,PSM,4
JFK,PSP,52963
JFK,PUB,189
JFK,PVD,177
JFK,PWM,143087
JFK,RAP,113
JFK,RDU,582751
JFK,RIC,82569
JFK,RNO,28234
JFK,ROC,270899
JFK,RSW,335563
JFK,SAN,738012
JFK,SAT,149936
JFK,SAV,236884
JFK,SDF,499
JFK,SEA,930451
JFK,SFO,1786070
JFK,SHV,95
JFK,SJC,7474
JFK,SJU,1172719
JFK,SLC,618337
JFK,SLK,2920
JFK,SLN,143
JFK,SMF,101023
JFK,SNA,63124
JFK,SPS,326
JFK,SRQ,86167
JFK,STL,410
JFK,STT,148978
JFK,SWF,154
JFK,SYR,216905
JFK,TLH,820
JFK,TPA,629359
JFK,TTN,8
JFK,TUL,724
JFK,TUS,494
JFK,TYS,225
JFK,VWK,22
JGG,JHW,6
JHM,KOA,13
JHM,LNY,19
JHM,MKK,25
JHM,OGG,2
JHW,LGA,22
JHW,MVY,7
JLN,ORD,14665
JNU,KAE,4680
JNU,KLW,2405
JNU,KTN,37833
JNU,PBK,694
JNU,PEC,1869
JNU,PSG,55436
JNU,PTD,6
JNU,SEA,367233
JNU,SGY,8176
JNU,SIT,117919
JNU,TKE,1209
JNU,WRG,351
JNU,YAK,28065
JRA,MMU,2
JRA,N4Y,41
JRA,NJ1,5
JRA,PHL,24
JRA,TEB,87
JRB,PA8,4
JRF,KOA,3
JRV,PR1,4
JRV,SIG,198
JRV,STX,4
JRV,VQS,29289
JST,ORD,17128
JZI,LAX,4
JZI,MCN,1
JZI,SUA,8
JZI,VJI,7
JZQ,OPF,8
JZQ,PBI,8
JZQ,TLH,12
JZT,MKC,16
JZT,SAT,13
JZT,TN8,11
JZU,RDU,1
KAE,KLW,47
KAE,KTN,443
KAE,SGY,3
KAE,SIT,1995
KAL,KGX,17
KAL,KYU,63
KAL,MCG,5
KAL,NUL,412
KAL,RBY,28
KAL,TAL,4
KAL,UNK,7
KBC,MLY,1
KBC,SVS,4
KBC,VEE,3
KBC,WBQ,4
KCC,KTN,6
KCC,PPV,10
KCC,WFB,104
KCC,WMK,1
KCC,WWP,8
KCG,KCL,160
KCG,KCQ,74
KCG,KPV,87
KCG,PIP,3
KCG,PTH,53
KCL,KCQ,169
KCL,KPV,82
KCL,PIP,1
KCL,PTH,54
KCQ,KLN,2
KCQ,KPV,224
KCQ,PIP,6
KCQ,PTH,207
KEB,PGM,1619
KEB,SOV,632
KEH,LKE,5045
KEH,LPS,222
KEH,PUL,6
KEH,RCE,1529
KEH,RNT,6
KEH,RSJ,362
KEH,SHN,10
KEH,TIW,16
KEH,TWD,10
KEH,VWO,12
KEH,WSX,134
KEK,KGK,403
KEK,KLL,6
KEK,KNW,588
KEK,TOG,4
KFP,KVC,5
KFP,NLG,4
KGK,KLL,2
KGK,KNK,4
KGK,KNW,880
KGK,WSN,3
KGX,KLG,8
KGX,LMA,7
KGX,MCG,75
KGX,MLL,3
KGX,RSH,14
KGX,SHX,276
KGX,SLQ,6
KGX,SRV,9
KGX,TCT,15
KGX,TLT,2
KGX,UNK,6
KKA,KSM,7
KKA,KTS,9
KKA,OME,2910
KKA,SHH,58
KKA,SKK,2555
KKA,SMK,15
KKA,TLA,9
KKA,UNK,444
KKA,WAA,12
KKA,WBB,14
KKA,WMO,194
KKA,ZXF,2
KKB,KOZ,9
KKB,KPR,1
KKB,SYB,39
KKH,KLG,6
KKH,KPN,231
KKH,KUK,29
KKH,KWK,1163
KKH,KWN,62
KKH,KWT,32
KKH,MLL,3
KKH,NME,36
KKH,NNK,4
KKH,OOK,15
KKH,PKA,19
KKH,PQS,1
KKH,PTU,12
KKH,WNA,7
KKH,WTL,536
KKH,WWT,19
KKI,KLG,154
KKI,KOT,3
KKI,KPN,3
KKI,KSM,14
KKI,KUK,42
KKI,KWT,1256
KKI,MLL,17
KKI,MOU,3
KKI,NUP,34
KKI,PKA,6
KKI,PQS,6
KKI,RSH,8
KKI,SCM,36
KKI,TLT,387
KKI,WNA,7
KKI,WTL,23
KKI,WWT,1
KKL,KLN,18
KLG,KSM,5
KLG,KWT,43
KLG,MCG,7
KLG,MLL,3
KLG,RSH,328
KLG,SHX,3
KLG,SLQ,3
KLG,TLT,241
KLG,WNA,2
KLL,KNW,5
KLL,WSN,17
KLN,KOZ,6
KLN,KYK,6
KLN,NNK,4
KLN,OLH,2
KLN,ORI,1
KLW,KTN,27807
KLW,SIT,2757
KMO,KNW,26
KMO,KWK,4
KMO,NME,8
KMO,TOG,34
KMO,TWA,17
KMY,KOY,23
KNK,NNL,24
KNK,PDB,5
KNK,PTA,11
KNK,WWA,14
KNW,KVC,18
KNW,SDP,27
KNW,TOG,34
KNW,WSN,3
KOA,LAS,110382
KOA,LAX,557332
KOA,LIH,70014
KOA,LNY,232
KOA,MKK,46
KOA,MRY,12
KOA,MUE,242
KOA,NUQ,7
KOA,OAK,126318
KOA,OGG,295129
KOA,OMA,5
KOA,ONT,227
KOA,ORD,7194
KOA,PDX,90313
KOA,PHX,133578
KOA,PSP,21
KOA,SAN,94054
KOA,SEA,415224
KOA,SFO,276200
KOA,SJC,88192
KOA,SMF,24889
KOA,SUN,2
KOA,TRM,4
KOA,TWF,2
KOA,VNY,46
KOT,KSM,198
KOT,MLL,27
KOT,MOU,190
KOT,OME,4
KOT,PKA,2
KOT,PQS,96
KOT,RSH,33
KOT,SCM,44
KOT,SMK,12
KOT,SXP,339
KOT,UNK,10
KOT,VAK,1
KOT,WBB,23
KOT,WWT,5
KOZ,OLH,9
KOZ,ORI,71
KPB,PPV,7
KPB,WFB,9
KPC,OME,4
KPN,KUK,69
KPN,KWK,349
KPN,KWN,40
KPN,KWT,16
KPN,MYU,30
KPN,NME,60
KPN,NUP,5
KPN,OOK,25
KPN,PKA,3
KPN,PTU,2
KPN,TNK,4
KPN,WNA,17
KPN,WTL,223
KPN,WWT,33
KPR,SYB,18
KPV,PIP,5
KPV,PTH,156
KPY,KWP,18
KPY,UGI,34
KSM,KWN,2
KSM,MLL,247
KSM,MOU,2697
KSM,NUP,9
KSM,OME,24
KSM,OOK,1
KSM,PKA,1
KSM,PQS,591
KSM,RBY,16
KSM,RSH,147
KSM,SCM,204
KSM,SHX,1
KSM,SKK,9
KSM,SXP,45
KSM,UNK,47
KSM,VAK,56
KSM,WAA,4
KTB,WFB,464
KTB,WMK,4
KTN,LGB,145
KTN,PAE,154
KTN,PSG,318
KTN,SEA,273540
KTN,SIT,71545
KTN,WRG,60040
KTN,YAK,11
KTS,LSR,12
KTS,OME,3293
KTS,OTZ,8
KTS,SHH,403
KTS,SKK,18
KTS,SMK,4
KTS,SVA,4
KTS,TLA,2020
KTS,TNC,5
KTS,UNK,67
KTS,WAA,168
KUK,KWK,8
KUK,KWT,78
KUK,MLL,17
KUK,MOU,7
KUK,NME,99
KUK,NUP,1737
KUK,OOK,32
KUK,PKA,25
KUK,PQS,6
KUK,PTU,2
KUK,RSH,2
KUK,SCM,4
KUK,SXP,3
KUK,VAK,9
KUK,WNA,17
KUK,WTL,20
KUK,WWT,32
KVC,MCG,4
KVC,PML,1
KVL,LUR,2
KVL,ORV,46
KVL,OTZ,4908
KVL,PHO,1079
KVL,RDB,953
KVL,SHG,23
KVL,WBB,2
KVL,WLK,55
KVL,WTK,1468
KWK,KWN,84
KWK,KWT,18
KWK,NME,34
KWK,OOK,24
KWK,PKA,45
KWK,PTU,2
KWK,WNA,15
KWK,WTL,228
KWN,KWT,58
KWN,MCG,4
KWN,NME,17
KWN,NUP,3
KWN,PKA,6
KWN,PTU,83
KWN,TOG,1
KWN,WNA,3
KWN,WTL,233
KWP,KZB,3
KWP,UGI,59
KWT,MCG,11
KWT,MLL,8
KWT,MYU,8
KWT,NME,17
KWT,NUP,123
KWT,OOK,10
KWT,PKA,121
KWT,PQS,10
KWT,RSH,11
KWT,SCM,35
KWT,SLQ,1
KWT,SRV,1
KWT,TLT,203
KWT,TNK,1
KWT,WNA,30
KWT,WTL,51
KWT,WWT,9
KXA,WFB,2
KYK,OLH,1
KYK,ORI,2
KYU,NUL,1211
KYU,RBY,28
KYU,TAL,2
L41,PGA,53
LAF,LAN,311
LAF,LAS,6
LAF,LNK,455
LAF,M91,14
LAF,MEM,2
LAF,MKE,119
LAF,MSN,500
LAF,MSP,542
LAF,OMA,114
LAF,ORD,6086
LAF,PHX,319
LAF,SAN,88
LAF,SCE,569
LAF,TCL,111
LAF,TN8,11
LAF,YIP,98
LAL,MHT,4967
LAL,PBI,159
LAL,ROC,5405
LAL,SJU,6403
LAL,USA,4194
LAN,LNK,183
LAN,MCO,11875
LAN,MIA,320
LAN,MQT,151
LAN,MSN,273
LAN,MSP,935
LAN,OAK,219
LAN,ORD,69622
LAN,PBI,303
LAN,PHX,66
LAN,RDU,37
LAN,RSW,4858
LAN,SAN,292
LAN,SAT,81
LAN,SCE,300
LAN,SFO,2
LAN,STL,177
LAN,STT,77
LAR,LGU,347
LAR,LWS,151
LAR,MEM,17
LAR,PHX,263
LAR,PUW,406
LAR,PVU,166
LAR,SAN,317
LAR,SJC,285
LAS,LAX,2758793
LAS,LBB,84477
LAS,LEX,24412
LAS,LFT,358
LAS,LGA,1569
LAS,LGB,532779
LAS,LGU,316
LAS,LIH,104995
LAS,LIT,88190
LAS,LRD,28509
LAS,MAF,82712
LAS,MCC,8
LAS,MCE,4243
LAS,MCI,540019
LAS,MCO,425079
LAS,MDT,179
LAS,MDW,890050
LAS,MEM,175084
LAS,MFE,96517
LAS,MFR,40009
LAS,MIA,502833
LAS,MKC,348
LAS,MKE,374283
LAS,MLI,29939
LAS,MOB,152
LAS,MOT,33626
LAS,MRY,25944
LAS,MSN,293
LAS,MSO,28663
LAS,MSP,1132203
LAS,MSY,287492
LAS,MVW,2
LAS,NUQ,2
LAS,OAK,1250275
LAS,OGG,261212
LAS,OKC,294732
LAS,OMA,289111
LAS,ONT,667981
LAS,OPF,18
LAS,ORD,1622126
LAS,ORF,24553
LAS,PAE,84126
LAS,PBI,142
LAS,PDK,13
LAS,PDX,1050014
LAS,PGA,8
LAS,PHL,528310
LAS,PHX,1761385
LAS,PIA,31967
LAS,PIT,269449
LAS,PNS,155
LAS,PSC,33915
LAS,PSP,163716
LAS,PVD,59
LAS,PVU,21419
LAS,PWK,15
LAS,RAC,16
LAS,RAP,31075
LAS,RDM,29774
LAS,RDU,124998
LAS,RFD,29509
LAS,RIC,75334
LAS,RNO,1008927
LAS,ROC,13655
LAS,RST,344
LAS,RSW,23123
LAS,SAF,1
LAS,SAN,1568488
LAS,SAT,637074
LAS,SBA,183367
LAS,SBD,1251
LAS,SBN,30016
LAS,SBP,17332
LAS,SCF,28618
LAS,SCK,94193
LAS,SDF,137195
LAS,SEA,1902186
LAS,SFB,6160
LAS,SFO,1593097
LAS,SGF,32585
LAS,SGU,42
LAS,SHV,29605
LAS,SJC,1109797
LAS,SJU,4
LAS,SLC,1191397
LAS,SLE,20868
LAS,SLN,54
LAS,SMF,1384356
LAS,SMX,25695
LAS,SNA,937925
LAS,STL,556668
LAS,STS,53488
LAS,SWF,100
LAS,SYR,24497
LAS,TCL,165
LAS,TEB,73
LAS,TEX,5
LAS,TN8,22
LAS,TOL,65
LAS,TPA,279356
LAS,TRM,19
LAS,TSM,78
LAS,TTN,12
LAS,TUL,177554
LAS,TUS,297525
LAS,TVC,41
LAS,TYS,34125
LAS,VCV,408
LAS,VNY,210
LAS,VPS,22941
LAS,VRB,5
LAS,XNA,33506
LAS,XWA,7097
LAS,YIP,310
LAW,LBB,72
LAW,LIT,68
LAW,MFE,63
LAW,MHK,71
LAW,RAP,135
LAW,SDF,74
LAW,TUL,87
LAX,LBB,231
LAX,LGA,237
LAX,LGU,333
LAX,LIH,471651
LAX,LIT,7322
LAX,LNK,1102
LAX,LRD,4404
LAX,MAF,592
LAX,MCE,49
LAX,MCI,337437
LAX,MCO,977497
LAX,MDT,354
LAX,MDW,409441
LAX,MEM,98373
LAX,MFE,7291
LAX,MFR,57708
LAX,MHR,3
LAX,MIA,1221893
LAX,MKC,455
LAX,MKE,1527
LAX,MMH,109
LAX,MRY,82903
LAX,MSN,7284
LAX,MSO,10130
LAX,MSP,986477
LAX,MSY,469080
LAX,MTJ,3335
LAX,MYR,204
LAX,NEW,3
LAX,NUQ,2
LAX,OAK,750759
LAX,OGG,682576
LAX,OKC,93910
LAX,OMA,56293
LAX,ONT,3166
LAX,OPF,13
LAX,ORD,2348137
LAX,ORF,20516
LAX,PAE,79548
LAX,PBI,39309
LAX,PDX,1026449
LAX,PHL,855717
LAX,PHX,1632076
LAX,PIT,104455
LAX,PRC,23513
LAX,PSC,18725
LAX,PSP,21040
LAX,PVD,8118
LAX,PVU,1654
LAX,PWK,3
LAX,RAP,11128
LAX,RDD,39069
LAX,RDM,85357
LAX,RDU,219012
LAX,RFD,10633
LAX,RIC,34153
LAX,RIL,9
LAX,RNO,427296
LAX,ROC,451
LAX,RST,171
LAX,RSW,11857
LAX,SAN,242393
LAX,SAT,476477
LAX,SAV,17
LAX,SBA,65391
LAX,SBN,491
LAX,SBP,53919
LAX,SCE,353
LAX,SCF,30
LAX,SDF,36502
LAX,SEA,1971286
LAX,SFO,2737060
LAX,SGF,30017
LAX,SGU,7711
LAX,SHV,201
LAX,SJC,1052750
LAX,SLC,1242120
LAX,SLN,104
LAX,SMF,816737
LAX,SNA,5096
LAX,SPI,113
LAX,SRQ,164
LAX,STL,263103
LAX,STS,83867
LAX,SUN,22651
LAX,SWF,513
LAX,SYR,531
LAX,TCL,595
LAX,TCM,121
LAX,TEB,80
LAX,TKF,1
LAX,TLH,164
LAX,TPA,330223
LAX,TRM,9
LAX,TUL,77844
LAX,TUS,326326
LAX,TWF,169
LAX,UGN,18
LAX,UIN,5
LAX,VNY,10
LAX,XNA,76310
LAX,YIP,169
LBB,LGA,155
LBB,LGB,154
LBB,LUK,50
LBB,LWS,373
LBB,MAF,580
LBB,MCI,76
LBB,MCO,138
LBB,MDW,30
LBB,MEM,764
LBB,MHK,160
LBB,MKC,104
LBB,OAK,308
LBB,OKC,618
LBB,PHX,36447
LBB,PIA,61
LBB,PIT,248
LBB,PVU,378
LBB,RNO,533
LBB,SAT,173
LBB,SFB,61
LBB,SLC,268
LBB,SNA,184
LBB,SWO,305
LBB,TUL,149
LBB,TUS,385
LBE,MCO,89166
LBE,MYR,56342
LBE,PIT,448
LBE,SYR,9
LBE,VA4,3
LBF,SJC,6
LBF,SUS,8
LBL,SJC,12
LBL,VNY,2
LCH,MIA,76
LCH,MLU,9
LCH,MSY,76
LCH,SHV,57
LCH,SNA,147
LCI,LGA,9
LCI,MPV,5
LCI,MVY,5
LCI,NY7,3
LCI,TEB,42
LCI,TN8,36
LCK,MBS,316
LCK,MCO,426
LCK,MYR,28702
LCK,PGD,51246
LCK,PIE,43146
LCK,SAV,29119
LCK,SFB,43446
LCK,SRQ,34835
LCK,SYR,320
LCK,VPS,26843
LDJ,MTP,6
LEB,LGA,19
LEB,MA5,2
LEB,ME3,2
LEB,MMU,6
LEB,NY5,1
LEB,OGS,3
LEB,PA5,4
LEB,PCT,10
LEB,PVD,10
LEB,PWK,9
LEB,RKD,1
LEB,SYR,8
LEB,TEB,81
LEE,MIA,2
LEE,MLB,3
LEE,SYR,2
LEE,VNY,1
LEW,MTP,7
LEW,PHL,29
LEW,ROC,30
LEX,LGA,336
LEX,LIT,188
LEX,LNN,7
LEX,MAF,118
LEX,MGM,310
LEX,MIA,1550
LEX,MLI,32
LEX,MSN,49
LEX,MSP,360
LEX,MYR,5526
LEX,OKC,327
LEX,OMA,497
LEX,ORD,217780
LEX,ORF,22
LEX,OXC,8
LEX,PGD,46811
LEX,PHL,32529
LEX,PIB,310
LEX,PIE,53192
LEX,RDU,146
LEX,RIC,42
LEX,RSW,76
LEX,SAN,219
LEX,SAT,194
LEX,SDF,942
LEX,SFB,61122
LEX,SGU,402
LEX,SLC,309
LEX,SRQ,174
LEX,SWO,50
LEX,SYR,111
LEX,TCL,298
LEX,TRI,55
LEX,TUP,794
LEX,TYS,198
LEX,VPS,9179
LEX,XNA,401
LFI,LSV,63
LFI,RNO,48
LFT,LGA,284
LFT,LIT,48
LFT,MCI,46
LFT,MEM,270
LFT,MGM,355
LFT,MKE,71
LFT,MOB,73
LFT,MSP,124
LFT,MSY,97
LFT,MYR,445
LFT,OMA,32
LFT,PIT,68
LFT,PNS,110
LFT,SAV,106
LFT,SHV,59
LFT,STL,129
LFT,TUL,69
LGA,LIT,65412
LGA,MCI,317820
LGA,MCO,1543085
LGA,MDT,2336
LGA,MDW,661409
LGA,MEM,179467
LGA,MFE,206
LGA,MIA,1747270
LGA,MKC,143
LGA,MKE,152960
LGA,MLB,292
LGA,MSN,66291
LGA,MSP,593216
LGA,MSY,345595
LGA,MTP,15
LGA,MVY,45809
LGA,MYR,252882
LGA,NPT,191
LGA,NY1,2
LGA,OKC,122886
LGA,OMA,146042
LGA,OPF,33
LGA,ORD,2621954
LGA,ORF,187329
LGA,ORH,21657
LGA,OWD,3
LGA,PBI,812140
LGA,PHL,158557
LGA,PHX,502
LGA,PIT,374591
LGA,PNS,28691
LGA,PVD,43598
LGA,PWM,178725
LGA,RAP,146
LGA,RDU,640576
LGA,RFD,115
LGA,RIC,243821
LGA,ROA,55358
LGA,ROC,118324
LGA,RST,276
LGA,RSW,241987
LGA,SAT,937
LGA,SAV,130964
LGA,SBN,2531
LGA,SCF,4
LGA,SDF,171064
LGA,SDX,2
LGA,SGF,132
LGA,SHV,489
LGA,SLC,2890
LGA,SRQ,128814
LGA,STL,596547
LGA,SYR,114668
LGA,TLH,384
LGA,TPA,684815
LGA,TTN,4
LGA,TUL,49392
LGA,TVC,15839
LGA,TYS,140035
LGA,VNY,4
LGA,XNA,106837
LGA,ZXU,11
LGB,MCE,163
LGB,MCI,74563
LGB,MCO,6455
LGB,MDW,153529
LGB,MEM,138
LGB,MIA,70
LGB,MKC,136
LGB,MKE,504
LGB,MMH,47
LGB,MSP,119
LGB,MSY,7467
LGB,OAK,356651
LGB,OGG,103514
LGB,OKC,436
LGB,ONT,690
LGB,OR4,2
LGB,ORD,193
LGB,OXR,10
LGB,PDX,7697
LGB,PHL,115
LGB,PHX,355701
LGB,PIE,65
LGB,PIT,63
LGB,PSP,172
LGB,RCE,3
LGB,RDU,60
LGB,RNO,158224
LGB,RST,7
LGB,SAN,92
LGB,SAT,496
LGB,SBA,94
LGB,SCF,8
LGB,SDF,161
LGB,SFO,300
LGB,SJC,244277
LGB,SLC,298096
LGB,SMF,430464
LGB,STL,97056
LGB,SUN,3
LGB,TEB,18
LGB,TPA,50
LGB,TUS,25
LGB,YIP,474
LGU,PHL,295
LGU,PUW,308
LIH,NUQ,4
LIH,OAK,225704
LIH,OGG,262101
LIH,ONT,231
LIH,PDX,19357
LIH,PHX,126801
LIH,PSP,51
LIH,PVU,14
LIH,SAN,56918
LIH,SEA,308838
LIH,SFO,160768
LIH,SJC,35870
LIH,SMF,33511
LIH,VNY,2
LIT,MCI,316
LIT,MCO,558
LIT,MDW,432
LIT,MEM,1157
LIT,MGM,142
LIT,MIA,5982
LIT,MKE,182
LIT,MOB,51
LIT,MSP,162
LIT,MSY,141
LIT,MYR,73
LIT,OKC,171
LIT,OMA,403
LIT,ORD,184017
LIT,ORF,323
LIT,PBI,3
LIT,PDX,175
LIT,PHL,336
LIT,PHX,1518
LIT,PIA,60
LIT,PIE,6891
LIT,PIT,257
LIT,RDU,480
LIT,RNO,613
LIT,SBN,97
LIT,SDF,338
LIT,SFB,14678
LIT,SGF,234
LIT,SGU,270
LIT,SHV,171
LIT,SJC,66
LIT,SLC,203
LIT,SMF,156
LIT,SPS,74
LIT,STL,142695
LIT,TEB,7
LIT,TPA,171
LIT,TUL,65
LIT,TUS,124
LIT,TXK,75
LIT,VPS,6375
LIT,XNA,513
LIV,MTX,35
LIV,PPC,1
LKE,LPS,1342
LKE,PUL,7
LKE,RCE,4342
LKE,RSJ,1219
LKE,WSX,781
LKK,RBH,522
LKP,MTN,10
LKP,RKD,4
LKP,TEB,13
LLY,OWD,8
LLY,PSF,1
LMA,MCG,120
LMA,MNT,5
LMA,NIB,99
LMA,RBY,14
LMA,SHX,12
LMA,TAL,16
LMA,TCT,4
LMT,OXR,3
LMT,PRB,3
LNA,OCF,50
LNA,SRQ,2
LNK,MCI,37
LNK,MDW,11
LNK,MEM,206
LNK,MSN,602
LNK,MSP,481
LNK,OAK,93
LNK,ORD,120706
LNK,PHF,2
LNK,RNO,549
LNK,SCE,118
LNK,SDF,319
LNK,SLC,82
LNK,SLE,2
LNK,TUS,1
LNK,VNY,4
LNK,YIP,125
LNS,MCO,4583
LNS,PIT,6073
LNS,PNE,12
LNS,ROC,4
LNS,SCE,10
LNS,TEB,3
LNY,MKK,1136
LNY,OAK,7
LNY,OGG,12843
LNY,VNY,4
LOT,TEB,8
LPS,PAE,4
LPS,RCE,566
LPS,RSJ,320
LPS,SFF,8
LPS,WSX,153
LPS,YKM,20
LPW,PTD,2
LPW,PTL,2
LPW,SIT,4
LRD,MFE,81
LRD,MIA,76
LRD,OPF,36
LRD,PIE,138
LRD,SAN,1769
LRD,SAT,711
LRD,TUS,4870
LRD,YUM,6
LRU,MIA,148
LRU,SAN,7
LRU,SVC,7
LRU,TUS,7
LSE,MCO,75
LSE,MIA,177
LSE,MKE,130
LSE,MSN,40
LSE,MSP,999
LSE,MYR,183
LSE,OKC,64
LSE,ORD,75044
LSE,PDX,173
LSE,PHF,150
LSE,PHL,40
LSE,PIA,50
LSE,SEA,164
LSE,SFO,156
LSR,OME,21
LSV,MIB,158
LSV,N1C,111
LSV,RCA,246
LUK,MCO,98
LUK,MDW,1
LUK,MKE,208
LUK,MSP,93
LUK,MTN,1
LUK,MVY,4
LUK,ORD,46
LUK,PDK,3
LUK,PHL,174
LUK,SAV,139
LUK,SJC,83
LUK,SJU,4
LUK,STL,38
LUK,SWO,42
LUK,TN8,12
LUL,TEB,7
LUP,MKK,5013
LUP,OGG,33
LUR,OTZ,156
LUR,PHO,70
LUR,WTK,2
LVK,SAN,1
LVK,SNA,2
LVK,SUN,4
LVK,TVL,10
LWB,MSN,181
LWB,ORF,65
LWB,PAH,29
LWB,PIT,91
LWB,PKB,14
LWB,TEB,4
LWB,TPA,164
LWM,TEB,9
LWS,SEA,39247
LWS,SJC,131
LWS,SLC,39341
LYH,MIA,314
LYH,MQY,336
LYH,ORF,8
LYH,PHL,46
LYH,PHX,720
LYH,RDU,47
LYH,RIC,49
LYH,ROA,325
LYH,SBY,28
LYH,TEB,11
LYH,TRI,47
LZU,SRQ,1
M91,MHE,24
M91,MTH,15
M91,TN8,10
MA2,PSM,2
MA2,TEB,8
MA4,MVY,1
MA4,NJ1,1
MA4,RUT,4
MA4,SCH,2
MA4,TEB,15
MA4,VWK,22
MA6,TEB,3
MAE,SJC,8
MAF,MCI,166
MAF,MDW,326
MAF,MRY,125
MAF,MSY,276
MAF,MTJ,77
MAF,OKC,190
MAF,ONT,330
MAF,ORD,55
MAF,PHX,35429
MAF,RNO,1059
MAF,SAN,843
MAF,SAT,1067
MAF,SBA,111
MAF,SCF,8
MAF,SEA,173
MAF,SFO,188
MAF,SJT,112
MAF,SLC,141
MAF,SMF,307
MAF,SPS,69
MAF,STL,10
MAF,TUS,138
MAF,YKM,227
MAZ,SJU,17060
MBL,MQY,2
MBL,ORD,13728
MBS,MQT,70
MBS,MSN,68
MBS,OMA,90
MBS,ORD,86095
MBS,ORL,9
MBS,RNO,342
MCC,PSP,1
MCC,SBP,6
MCC,VNY,10
MCE,VNY,35
MCF,MIA,39
MCG,MLL,4
MCG,MRI,698
MCG,MTX,3
MCG,NIB,993
MCG,NUL,3
MCG,PAQ,3
MCG,RBY,3
MCG,RSH,7
MCG,SHX,143
MCG,TAL,6
MCG,TCT,484
MCG,TLJ,25
MCG,TOG,1
MCG,UNK,28
MCG,VAK,5
MCI,MCO,460844
MCI,MDW,509077
MCI,MHK,54
MCI,MIA,113084
MCI,MKE,85013
MCI,MSN,108
MCI,MSP,315972
MCI,MSY,87603
MCI,MYR,2758
MCI,OAK,93875
MCI,OKC,1173
MCI,OMA,4430
MCI,ONT,875
MCI,ORD,678479
MCI,PDX,41525
MCI,PGD,28417
MCI,PHL,154556
MCI,PHX,623627
MCI,PIE,23902
MCI,PIT,1111
MCI,PNS,34992
MCI,PWM,147
MCI,RDU,10056
MCI,RFD,336
MCI,RIC,194
MCI,RNO,1842
MCI,RSW,61609
MCI,SAN,116578
MCI,SAT,70739
MCI,SEA,297044
MCI,SFO,71129
MCI,SGF,222
MCI,SJC,458
MCI,SLC,228094
MCI,SMF,17098
MCI,SNA,625
MCI,SRQ,2994
MCI,STL,234448
MCI,TPA,141073
MCI,TUL,1289
MCI,TUS,265
MCI,TXK,146
MCI,VPS,15753
MCI,XNA,64
MCN,MQY,1
MCN,PVD,285
MCN,TTN,274
MCO,MDT,23110
MCO,MDW,818403
MCO,MEM,214921
MCO,MGM,1
MCO,MHT,173896
MCO,MIA,890468
MCO,MKC,133
MCO,MKE,445880
MCO,MLB,826
MCO,MQY,7
MCO,MSN,33005
MCO,MSP,1064931
MCO,MSY,646046
MCO,MYR,90691
MCO,OCF,2
MCO,OKC,88326
MCO,OMA,104396
MCO,ONT,1082
MCO,OPF,11
MCO,ORD,1614618
MCO,ORF,193582
MCO,ORH,89312
MCO,PBG,22842
MCO,PBI,8290
MCO,PDK,14
MCO,PDX,148208
MCO,PHL,1805359
MCO,PHX,533544
MCO,PIT,627479
MCO,PNS,145832
MCO,PSC,284
MCO,PSE,204865
MCO,PSM,3295
MCO,PUB,160
MCO,PVD,500810
MCO,PVU,1696
MCO,PWM,92289
MCO,RAP,118
MCO,RDG,1095
MCO,RDU,715466
MCO,RFD,225
MCO,RIC,240332
MCO,RIL,9
MCO,ROC,171821
MCO,RSW,7525
MCO,SAN,178437
MCO,SAT,317009
MCO,SAV,2015
MCO,SBN,3030
MCO,SDF,251353
MCO,SEA,576641
MCO,SEF,2
MCO,SFB,146
MCO,SFO,355407
MCO,SJC,243
MCO,SJU,2057146
MCO,SLC,606963
MCO,SMF,5590
MCO,SNA,6888
MCO,SPI,18479
MCO,SRQ,2169
MCO,STL,662017
MCO,STT,126076
MCO,STX,2927
MCO,SWF,21870
MCO,SYR,250207
MCO,TLH,1141
MCO,TPA,31929
MCO,TTN,183799
MCO,TUL,22383
MCO,TUS,489
MCO,TVC,150
MCO,TWF,117
MCO,TYS,37517
MCO,VRB,219
MCO,XNA,14121
MCW,ORD,11175
MD1,MTP,1
MD1,TEB,3
MD3,OCE,4
MDH,ROW,1
MDH,SAT,280
MDH,SUA,2
MDO,MRI,8
MDT,MGM,50
MDT,MIA,314
MDT,MKE,49
MDT,MSN,50
MDT,MSP,506
MDT,MSY,173
MDT,MYR,19807
MDT,ORD,251158
MDT,ORF,74
MDT,PBI,231
MDT,PDX,173
MDT,PGD,39778
MDT,PHL,112241
MDT,PHX,935
MDT,PIE,47127
MDT,PIT,448
MDT,PSP,405
MDT,RDG,8
MDT,RNO,163
MDT,SAN,522
MDT,SBY,12
MDT,SCE,178
MDT,SDF,69
MDT,SEA,864
MDT,SFB,78337
MDT,SFO,186
MDT,SLC,282
MDT,SRQ,28755
MDT,STC,162
MDT,STL,220
MDT,SYR,247
MDT,TEB,4
MDT,TPA,445
MDT,TVC,31
MDT,TYS,116
MDT,WWD,17
MDW,MEM,159327
MDW,MFE,5
MDW,MHT,128231
MDW,MIA,216214
MDW,MKC,303
MDW,MKE,3027
MDW,MMU,2
MDW,MQJ,49
MDW,MRY,2
MDW,MSN,1
MDW,MSO,142
MDW,MSP,545443
MDW,MSY,260503
MDW,MYR,110979
MDW,OAK,189286
MDW,OKC,119643
MDW,OMA,351776
MDW,ONT,105959
MDW,OPF,46
MDW,ORD,1299
MDW,ORF,154978
MDW,PBI,1407
MDW,PDK,22
MDW,PDX,179418
MDW,PGD,29216
MDW,PHL,482030
MDW,PHX,892687
MDW,PIE,289
MDW,PIT,256054
MDW,PLN,4
MDW,PNS,28741
MDW,PSP,24
MDW,PTK,269
MDW,PVD,175637
MDW,PVU,24119
MDW,PWM,43887
MDW,RDU,282865
MDW,RFD,62
MDW,RIC,96321
MDW,RIL,19
MDW,RNO,28740
MDW,ROC,102113
MDW,RST,1
MDW,RSW,303658
MDW,RWI,6
MDW,SAN,269507
MDW,SAT,176555
MDW,SAV,118511
MDW,SBA,14
MDW,SBN,68
MDW,SDF,216323
MDW,SEA,178328
MDW,SFB,350
MDW,SFO,117262
MDW,SJC,161270
MDW,SJU,33166
MDW,SLC,185567
MDW,SMF,185203
MDW,SNA,129
MDW,SOP,9
MDW,SRQ,125889
MDW,STL,379498
MDW,T6X,2
MDW,TEB,207
MDW,TLH,142
MDW,TN8,11
MDW,TOL,4
MDW,TPA,493871
MDW,TUL,91227
MDW,TUS,84265
MDW,TYS,16243
MDW,UGN,3
MDW,VNY,23
MDW,VPS,24605
MDW,YIP,6
ME2,MVY,3
ME2,TEB,9
ME3,MVY,2
ME3,ONH,2
ME4,TEB,1
ME5,TEB,16
MEI,PIB,3314
MEI,TYS,79
MEM,MGM,172
MEM,MHT,130
MEM,MIA,97299
MEM,MKE,331
MEM,MSN,45
MEM,MSP,128705
MEM,MSY,1521
MEM,MYR,72
MEM,OAK,86
MEM,OKC,783
MEM,OMA,172
MEM,ONT,250
MEM,ORD,267745
MEM,ORF,278
MEM,PBI,172
MEM,PDK,8
MEM,PDX,195
MEM,PGV,123
MEM,PHL,70128
MEM,PHX,88863
MEM,PIE,20493
MEM,PIT,445
MEM,RDU,70
MEM,RIC,215
MEM,RNO,883
MEM,RSW,500
MEM,SAN,193
MEM,SAT,1512
MEM,SAV,557
MEM,SCF,2
MEM,SEA,307
MEM,SFB,26653
MEM,SFO,482
MEM,SGF,158
MEM,SLC,95988
MEM,SMF,316
MEM,SPI,198
MEM,SRQ,167
MEM,STL,1585
MEM,STX,52
MEM,SYR,197
MEM,TLH,341
MEM,TPA,14458
MEM,TRI,77
MEM,TUL,458
MEM,TYS,44
MEM,USA,564
MEM,VNY,3
MEM,VPS,5992
MEM,XNA,395
MEM,YIP,290
MEV,SAN,1
MEV,SEE,4
MFE,MIA,76
MFE,PHX,435
MFE,PIE,6617
MFE,RNO,695
MFE,SAN,717
MFE,SAT,211
MFE,SFB,28936
MFE,TCM,51
MFE,TUS,3083
MFE,YUM,262
MFR,OAK,255
MFR,PAE,65
MFR,PDX,52345
MFR,PHX,84890
MFR,RNO,151
MFR,SAN,5955
MFR,SEA,265414
MFR,SFO,156301
MFR,SLC,90056
MFR,SMF,111
MFR,SNA,27017
MFR,TRM,2
MFR,UDD,1
MGE,WRI,146
MGM,MIA,157
MGM,MOB,149
MGM,MSP,191
MGM,MYR,312
MGM,OAK,105
MGM,OKC,683
MGM,ORD,140
MGM,PDK,7
MGM,PHL,3
MGM,PNS,144
MGM,RDU,66
MGM,RNO,308
MGM,SAV,74
MGM,SFB,252
MGM,SHV,377
MGM,TLH,68
MGM,TYS,41
MGM,XNA,169
MGW,ORD,916
MGW,ORF,14
MGW,PA3,6
MGW,PHL,4
MGW,PIT,3177
MGW,VNY,9
MHE,TEB,8
MHE,USA,28
MHK,MIA,108
MHK,MSY,332
MHK,OKC,59
MHK,ORD,49941
MHK,PDX,177
MHK,PHX,1009
MHK,PVU,499
MHK,RIV,580
MHK,RNO,79
MHK,SFB,76
MHK,SGF,60
MHK,SLC,162
MHK,SRQ,90
MHK,STT,108
MHK,SWO,357
MHK,TUL,39
MHK,TUS,306
MHM,TAL,7
MHR,OR4,16
MHR,OTH,8
MHR,OXR,1
MHR,SAN,13
MHR,SAT,17
MHR,SCF,2
MHR,SLC,100
MHR,TRM,1
MHR,VGT,6
MHR,VNY,4
MHT,MSP,4228
MHT,MSY,12
MHT,ORD,31463
MHT,ORF,52
MHT,PBI,275
MHT,PHL,97653
MHT,PIT,55
MHT,PWM,62
MHT,RDU,35649
MHT,RIC,182
MHT,RSW,4185
MHT,SAV,95
MHT,SEA,194
MHT,STL,167
MHT,TEB,18
MHT,TPA,24817
MHT,TRI,65
MHT,USA,2761
MHV,SMX,62
MI2,PSP,2
MIA,MIE,341
MIA,MKC,163
MIA,MKE,22041
MIA,MLB,1207
MIA,MLU,328
MIA,MSN,2830
MIA,MSP,436016
MIA,MSY,420940
MIA,MYR,291
MIA,OAK,420
MIA,OGD,154
MIA,OKC,41410
MIA,OMA,33365
MIA,ONT,600
MIA,ORD,1276562
MIA,ORF,122491
MIA,ORL,6
MIA,PBI,12082
MIA,PDX,122734
MIA,PHL,1011567
MIA,PHX,580263
MIA,PIE,186
MIA,PIT,137150
MIA,PNS,123987
MIA,PTK,50
MIA,PVD,161
MIA,RDU,603551
MIA,RIC,110789
MIA,ROA,182
MIA,ROC,2686
MIA,RSW,13306
MIA,SAN,175988
MIA,SAT,120856
MIA,SAV,102148
MIA,SBN,445
MIA,SCF,6
MIA,SDF,92268
MIA,SEA,255279
MIA,SFB,4
MIA,SFO,490403
MIA,SHV,141
MIA,SJC,5
MIA,SJU,985027
MIA,SLC,174581
MIA,SMF,79368
MIA,SNA,37911
MIA,SPS,165
MIA,SRQ,1679
MIA,STL,250515
MIA,STT,274959
MIA,STX,186857
MIA,SUA,7
MIA,SUN,16
MIA,SYR,4871
MIA,TEB,13
MIA,TIX,16
MIA,TLH,139102
MIA,TPA,576320
MIA,TUL,16362
MIA,TUS,17
MIA,TYS,44222
MIA,UGN,10
MIA,VNC,1
MIA,VNY,11
MIA,XNA,18859
MIB,SKA,145
MIE,SGF,254
MIV,SNA,10
MIV,TEB,8
MJX,OXC,4
MKC,MKE,130
MKC,MMU,4
MKC,MSP,314
MKC,OAK,129
MKC,OMA,92
MKC,ORD,137
MKC,PBI,271
MKC,PDX,82
MKC,PHL,138
MKC,PHX,67
MKC,PIE,128
MKC,PIT,126
MKC,PTK,68
MKC,PVU,370
MKC,RSW,58
MKC,SAF,15
MKC,SAN,66
MKC,SEA,90
MKC,SGU,134
MKC,SJC,45
MKC,SLC,80
MKC,SNA,67
MKC,STL,108
MKC,TKF,3
MKC,TN8,13
MKC,TRM,3
MKC,VNY,6
MKC,XNA,88
MKE,MQT,60
MKE,MSN,632
MKE,MSP,317975
MKE,MSY,233
MKE,MWA,26
MKE,OAK,80
MKE,OKC,669
MKE,OMA,213
MKE,ORD,368778
MKE,ORF,139
MKE,PDX,144
MKE,PHL,100239
MKE,PHX,394391
MKE,PIE,129
MKE,PIT,663
MKE,PNS,162
MKE,PTK,426
MKE,PVD,411
MKE,RAP,67
MKE,RDU,6928
MKE,RIC,155
MKE,RNO,354
MKE,ROA,103
MKE,ROC,46
MKE,RSW,114698
MKE,SAN,2614
MKE,SAT,58
MKE,SBN,76
MKE,SDF,567
MKE,SEA,137607
MKE,SFB,232
MKE,SFO,410
MKE,SJC,139
MKE,SJU,634
MKE,SLC,79592
MKE,SMF,109
MKE,SNA,160
MKE,SPS,123
MKE,SRQ,2184
MKE,STL,146461
MKE,TPA,116082
MKE,TUL,224
MKE,TUS,152
MKE,TVC,44
MKE,YIP,86
MKG,ORD,5646
MKG,PHX,24
MKK,OGG,62259
MKL,MQY,1
MKL,ORD,859
MKL,STL,1611
MLB,MSP,12002
MLB,MYR,57
MLB,OPF,3
MLB,PBI,262
MLB,PHL,185
MLB,PIT,29467
MLB,RDU,126
MLB,RSW,151
MLB,SRQ,162
MLB,TPA,122
MLI,OMA,43
MLI,ONT,109
MLI,ORD,190488
MLI,PGD,26982
MLI,PHX,212
MLI,PIE,24010
MLI,SEA,162
MLI,SFB,26186
MLI,SPS,70
MLI,STL,41
MLL,MOU,169
MLL,NUP,1
MLL,OME,18
MLL,PKA,3
MLL,PQS,1791
MLL,RSH,573
MLL,SCM,13
MLL,SHX,4
MLL,SXP,7
MLL,UNK,2
MLL,WNA,1
MLL,WTL,5
MLU,MSY,73
MLU,RDU,330
MLU,ROA,42
MLU,SHD,299
MLU,SHV,158
MLU,XNA,315
MLY,MNT,532
MLY,MTX,2
MLY,RBY,9
MLY,RMP,527
MMH,ONT,14
MMH,SAN,25
MMH,SBA,12
MMH,SMO,31
MMH,TOA,7
MMN,TEB,3
MMU,MTP,5
MMU,MVY,76
MMU,NHZ,3
MMU,NPT,13
MMU,NY7,6
MMU,OPF,101
MMU,OXC,2
MMU,PBI,823
MMU,PHX,4
MMU,PSF,1
MMU,PVD,8
MMU,RDU,16
MMU,RIC,4
MMU,SCE,8
MMU,SYR,1
MMU,TPA,5
MMU,UBF,10
MMU,VA5,2
MMU,VA8,11
MMU,WGO,9
MNT,RMP,2
MNT,VEE,5
MNZ,PBI,6
MNZ,SAN,3
MNZ,TN8,8
MOB,MSY,478
MOB,PNS,278
MOB,SAN,191
MOB,SDF,53
MOB,TLH,48
MOB,VPS,144
MOD,VNY,3
MOT,MSP,157403
MOT,RST,75
MOT,SFB,23872
MOT,VNY,2
MOT,XWA,15
MOU,NUP,9
MOU,OME,6
MOU,OOK,3
MOU,PKA,4
MOU,PQS,712
MOU,RSH,150
MOU,SCM,74
MOU,SXP,126
MOU,VAK,110
MOU,VEE,8
MOU,WNA,2
MPB,SUA,4
MPV,TEB,10
MQJ,TEB,8
MQT,MSN,54
MQT,ORD,51517
MQT,PHX,124
MQT,PIT,68
MQT,PVD,93
MQT,SGR,22
MQY,MTH,11
MQY,OCF,14
MQY,OPF,1
MQY,OWB,6
MQY,PBI,10
MQY,PHL,5
MQY,PHX,3
MQY,RST,6
MQY,RSW,8
MQY,SAA,7
MQY,SHV,294
MQY,SLC,2
MQY,SME,6
MQY,SNA,10
MQY,STL,16
MQY,TN8,2
MQY,TPA,3
MRF,SAF,4
MRF,TN8,10
MRI,NCN,742
MRI,NIB,1189
MRI,RQI,11
MRI,SKW,209
MRI,SWD,8
MRI,TCT,251
MRI,TEK,905
MRI,TLJ,4
MRI,TYE,3063
MRK,OPF,6
MRY,MSP,5456
MRY,OAK,1
MRY,OXR,4
MRY,PBI,1
MRY,PDX,53
MRY,PGA,3
MRY,PHL,5
MRY,PHX,167525
MRY,RNO,165
MRY,SAN,66830
MRY,SBA,21
MRY,SEA,32728
MRY,SFO,50049
MRY,SGF,4
MRY,SJC,338
MRY,SMF,63
MRY,SNA,1923
MRY,STS,2
MRY,TEB,5
MRY,TKF,4
MRY,TUS,132
MRY,VIS,18
MRY,VNY,47
MSL,SGU,226
MSL,SJC,106
MSL,TUP,16
MSN,MSO,75
MSN,MSP,228588
MSN,MSY,146
MSN,OAK,109
MSN,OKC,422
MSN,OMA,274
MSN,ORD,418304
MSN,PDX,447
MSN,PHL,53139
MSN,PHX,116127
MSN,PIT,211
MSN,PSM,152
MSN,PVD,139
MSN,PVU,129
MSN,RAP,165
MSN,RIC,123
MSN,RNO,582
MSN,ROC,74
MSN,RST,113
MSN,RSW,31641
MSN,SAN,167
MSN,SAT,125
MSN,SAV,108
MSN,SCE,704
MSN,SDF,10
MSN,SEA,149
MSN,SFO,533
MSN,SLC,600
MSN,SMF,168
MSN,SNA,163
MSN,SYR,70
MSN,TCL,356
MSN,TEB,3
MSN,TPA,20552
MSN,TUL,149
MSN,TUS,90
MSN,TYS,30
MSN,YIP,80
MSO,MSP,118156
MSO,OAK,5670
MSO,OGD,71
MSO,ORD,43286
MSO,PAE,8
MSO,PDX,37426
MSO,PHX,5009
MSO,SAN,1232
MSO,SBP,288
MSO,SEA,180085
MSO,SFF,12
MSO,SFO,10588
MSO,SGF,264
MSO,SLC,149609
MSO,SMF,272
MSO,SNA,7405
MSO,SUS,15
MSO,VNY,4
MSO,XXS,6
MSP,MSY,130355
MSP,MYR,54758
MSP,OAK,9275
MSP,OKC,48493
MSP,OMA,196068
MSP,ONT,1271
MSP,ORD,1337144
MSP,ORF,25812
MSP,PBI,47613
MSP,PDX,522828
MSP,PGD,24033
MSP,PHL,463887
MSP,PHX,1328111
MSP,PIA,62
MSP,PIE,18784
MSP,PIR,965
MSP,PIT,204118
MSP,PNS,134
MSP,PSC,70479
MSP,PSP,151631
MSP,PTK,166
MSP,PUB,161
MSP,PVD,26290
MSP,PWM,64732
MSP,RAP,150796
MSP,RDG,72
MSP,RDU,325528
MSP,RFD,62
MSP,RHI,49640
MSP,RIC,59335
MSP,RNO,44834
MSP,ROC,127
MSP,RST,100396
MSP,RSW,674865
MSP,SAN,524594
MSP,SAT,194485
MSP,SAV,72701
MSP,SBA,7
MSP,SBN,44698
MSP,SCE,1121
MSP,SDF,122567
MSP,SEA,994281
MSP,SFO,677017
MSP,SHV,266
MSP,SJC,116008
MSP,SJU,68473
MSP,SLC,534535
MSP,SMF,162602
MSP,SNA,121510
MSP,SPS,188
MSP,SRQ,106223
MSP,STL,414854
MSP,STT,4182
MSP,SWF,241
MSP,SYR,38794
MSP,TEB,6
MSP,TLH,169
MSP,TPA,534457
MSP,TRI,107
MSP,TUL,490
MSP,TUS,62207
MSP,TVC,36114
MSP,TVF,17275
MSP,TYS,32403
MSP,UST,3
MSP,VIS,3
MSP,VLD,171
MSP,VPS,122123
MSP,WJF,1
MSP,XNA,55869
MSP,XWA,73510
MSP,YIP,1117
MSV,MTP,21
MSY,MYR,75
MSY,OAK,1310
MSY,OKC,1100
MSY,OMA,32
MSY,ORD,429794
MSY,ORF,19460
MSY,PBI,265
MSY,PDX,182
MSY,PGV,50
MSY,PHL,199287
MSY,PHX,194627
MSY,PIA,76
MSY,PIT,14030
MSY,PNS,4079
MSY,PVD,7
MSY,RDU,64679
MSY,RIC,20902
MSY,RNO,1028
MSY,RSW,11715
MSY,SAN,81492
MSY,SAT,87745
MSY,SAV,857
MSY,SBA,107
MSY,SBN,498
MSY,SDF,7275
MSY,SEA,194621
MSY,SFO,131280
MSY,SHV,275
MSY,SJC,177
MSY,SJU,25818
MSY,SLC,111039
MSY,SMF,610
MSY,SNA,612
MSY,SRQ,140
MSY,STL,153236
MSY,STS,118
MSY,STT,498
MSY,SWF,326
MSY,TLH,670
MSY,TPA,275723
MSY,TUL,268
MSY,TUS,288
MSY,TYS,145
MSY,VNY,11
MSY,VPS,223
MSY,XNA,19386
MT3,PHX,1
MTH,PBI,4
MTH,PGD,2
MTH,PHL,13
MTH,PIE,8
MTH,RSW,4
MTH,SAV,7
MTH,SUA,10
MTJ,ORD,29448
MTJ,PNS,131
MTJ,SAN,122
MTJ,SCF,5
MTJ,SEA,171
MTJ,SFO,3958
MTJ,SJC,138
MTJ,SNA,980
MTJ,STL,120
MTJ,TEX,5
MTM,WFB,1191
MTM,WHD,1
MTN,NY5,15
MTN,RDU,4
MTP,MVY,3
MTP,NJ1,7
MTP,NY1,3
MTP,NY5,4
MTP,NYS,87
MTP,OWD,4
MTP,PNE,37
MTP,PSM,1
MTP,PVD,1
MTP,PWM,3
MTP,TEB,18
MTP,UBF,10
MTX,PPC,61
MTX,RDV,1
MTX,VDZ,1
MUE,OGG,7657
MVC,TEB,2
MVL,OWD,3
MVL,RKD,6
MVL,SWF,5
MVL,TEB,9
MVW,VUO,2
MVY,NAD,3
MVY,NYS,10
MVY,ORD,1255
MVY,OWD,14
MVY,OXC,11
MVY,PCT,5
MVY,PHL,1323
MVY,PIT,74
MVY,PNE,8
MVY,PSF,3
MVY,PSM,9
MVY,PVD,30
MVY,PWM,6
MVY,RKD,2
MVY,RUT,4
MVY,SBA,10
MVY,SCE,5
MVY,SCH,1
MVY,STL,7
MVY,TEB,1985
MVY,TTN,13
MVY,UBF,16
MVY,VGC,4
MVY,WST,1
MVY,ZXU,10
MWA,ORD,25140
MWA,OWB,7
MWA,PVU,276
MWA,SUX,252
MWA,YNG,291
MWH,PAE,14
MWH,VNY,5
MYF,PHX,7
MYF,PRB,5
MYF,SBA,7
MYF,SBP,5
MYR,ORD,82781
MYR,ORF,303
MYR,PBI,140
MYR,PGD,140
MYR,PHF,417
MYR,PHL,157313
MYR,PIT,92905
MYR,PVD,30717
MYR,PWK,8
MYR,RDU,381
MYR,RIC,132
MYR,ROC,9538
MYR,RSW,188
MYR,SAT,728
MYR,SAV,186
MYR,SDF,2624
MYR,SHD,290
MYR,SJU,157
MYR,STL,13669
MYR,SUA,2
MYR,SWF,42105
MYR,SYR,11388
MYR,TPA,12418
MYU,OOK,166
MYU,TNK,16
MYU,VAK,7
MYU,WTL,6
MYU,WWT,50
N1C,NYL,475
N1C,RIV,56
N1C,RNO,98
N1C,SGU,109
N1C,TVC,140
N1C,YUM,267
N1Y,OWD,4
N4Y,N8Y,5
N4Y,TSS,10
N8Y,TEB,5
NAD,PHL,3
NAD,TEB,1
NCN,TEK,336
NEW,TEB,9
NEW,TN8,25
NGU,TCM,61
NHK,TIK,166
NHZ,TEB,4
NIB,SHX,2
NIB,TCT,59
NJ1,OXC,4
NJ1,TEB,5
NJ2,OXC,11
NJK,SSC,80
NKI,PPV,2
NKI,WFB,42
NKX,PAM,89
NKX,VOK,88
NLG,PML,8
NLG,PTH,4
NM1,SNA,1
NME,NUP,21
NME,OOK,428
NME,PQS,17
NME,SCM,2
NME,TNK,167
NME,VAK,44
NME,WNA,5
NME,WTL,18
NME,WWT,696
NNK,ORI,1
NNL,PDB,1
NNL,PML,2
NNL,PTA,51
NPT,NYS,14
NPT,PNE,3
NPT,RKD,3
NPT,TEB,33
NPT,TTN,15
NQX,OFF,49
NUI,PIZ,81
NUI,SCC,2963
NUL,RBY,64
NUL,TAL,36
NUL,UNK,8
NUP,OOK,46
NUP,PKA,46
NUP,PTU,2
NUP,SCM,8
NUP,TLT,16
NUP,TNK,17
NUP,VAK,12
NUP,WNA,35
NUP,WTL,131
NUP,WWT,10
NUQ,PBI,2
NUQ,PGA,2
NUQ,PWM,2
NUQ,SCF,4
NUQ,SLC,16
NUQ,SNA,5
NUQ,STL,5
NUQ,STS,1
NUQ,TEB,9
NUQ,TKF,18
NUQ,VNY,18
NV5,RNO,716
NV6,TRM,2
NY1,SLK,4
NY1,SUA,5
NY1,TEB,2
NY7,PCT,1
NY7,SLK,6
NY7,TEB,33
NY9,TEB,1
NYS,OWD,8
NYS,OXC,1
NYS,SLK,7
NYS,VWK,2
NZY,OKC,40
OAJ,PIB,763
OAJ,RIC,27
OAJ,ROA,19
OAK,OGG,246592
OAK,OKC,315
OAK,OMA,87
OAK,ONT,310140
OAK,ORD,246
OAK,PDX,437393
OAK,PHX,555383
OAK,PIT,428
OAK,PSP,123726
OAK,PVD,3
OAK,RDM,205
OAK,RDU,351
OAK,RIL,14
OAK,RNO,118278
OAK,SAN,770751
OAK,SAT,143
OAK,SBA,64577
OAK,SBN,4
OAK,SEA,617752
OAK,SFO,871
OAK,SIG,16
OAK,SJC,498
OAK,SLC,391146
OAK,SMF,594
OAK,SMO,4
OAK,SNA,522914
OAK,STL,61639
OAK,STS,111
OAK,SYR,329
OAK,TEB,6
OAK,TIW,4
OAK,TKF,1
OAK,TLH,364
OAK,TWF,68
OAK,VNY,85
OBU,ORV,38
OBU,OTZ,1700
OBU,RDB,51
OBU,SHG,2412
OBU,TAL,4
OBU,WLK,86
OCA,TPA,12
OCF,OPF,45
OCF,PBI,10
OCF,PPM,6
OCF,SAV,4
OGD,PUW,225
OGD,SEE,2
OGD,SGU,1
OGD,SLC,280
OGD,SNA,29397
OGD,TPA,185
OGG,ONT,712
OGG,ORD,53106
OGG,PDX,201710
OGG,PHX,262793
OGG,PSP,129
OGG,RDU,83
OGG,RIV,2
OGG,RNO,5
OGG,SAN,213359
OGG,SCF,7
OGG,SEA,560940
OGG,SFO,517509
OGG,SJC,170764
OGG,SLC,56238
OGG,SMF,158916
OGG,SNA,17
OGG,STS,6
OGG,TIW,4
OGG,VNY,45
OGS,PBG,51
OGS,PHL,8711
OGS,PWK,11
OGS,SBN,80
OHC,OME,27
OKC,OMA,301
OKC,ONT,505
OKC,ORD,246997
OKC,PDX,1074
OKC,PHL,850
OKC,PHX,307779
OKC,PIT,452
OKC,PNS,74
OKC,PVU,200
OKC,RDM,100
OKC,RDU,130
OKC,RIC,193
OKC,RIV,212
OKC,RNO,421
OKC,RSW,103
OKC,SAN,824
OKC,SAT,53764
OKC,SAV,170
OKC,SBA,117
OKC,SDF,227
OKC,SEA,99845
OKC,SFB,6489
OKC,SFO,743
OKC,SGF,133
OKC,SHV,71
OKC,SJC,320
OKC,SJU,143
OKC,SLC,89829
OKC,SMF,994
OKC,SNA,1439
OKC,STL,165472
OKC,STS,228
OKC,SVN,95
OKC,SWO,17
OKC,TCL,404
OKC,TLH,54
OKC,TPA,962
OKC,TUL,641
OKC,TUP,175
OKC,TYS,1431
OKC,VPS,19641
OKC,XNA,224
OLH,ORI,11
OMA,ORD,470358
OMA,ORF,116
OMA,PBI,126
OMA,PDX,234
OMA,PGD,15987
OMA,PHL,290
OMA,PHX,437246
OMA,PIE,31566
OMA,PIT,442
OMA,PUW,203
OMA,PVD,119
OMA,PVU,428
OMA,RAP,157
OMA,RDM,79
OMA,RDU,342
OMA,RIC,463
OMA,RIL,11
OMA,RNO,2029
OMA,SAT,256
OMA,SBA,2
OMA,SBN,68
OMA,SEA,133504
OMA,SFB,27064
OMA,SFO,24174
OMA,SGF,43
OMA,SHV,149
OMA,SJC,455
OMA,SLC,88221
OMA,STL,206879
OMA,SYR,74
OMA,TEB,8
OMA,TLH,148
OMA,TPA,2968
OMA,TUL,87
OMA,TUS,392
OMA,TYS,203
OMA,VNY,6
OMA,VPS,8847
OMA,YIP,49
OMA,YKM,169
OME,OTZ,5335
OME,PHO,61
OME,PIZ,42
OME,PQS,8
OME,RDB,121
OME,SEA,352
OME,SHG,18
OME,SHH,5551
OME,SKK,859
OME,SMK,3214
OME,SVA,5148
OME,TLA,3172
OME,TNC,342
OME,UNK,4083
OME,WAA,1810
OME,WBB,3387
OME,WMO,3701
OME,ZXF,2
ONH,TEB,10
ONT,ORD,345
ONT,PDX,229812
ONT,PHL,320
ONT,PHX,740904
ONT,PIT,141
ONT,PSP,1109
ONT,PUW,142
ONT,RNO,3556
ONT,SAN,10691
ONT,SAT,2056
ONT,SBA,781
ONT,SBP,154
ONT,SEA,569677
ONT,SFO,287505
ONT,SJC,266138
ONT,SLC,271441
ONT,SMF,442368
ONT,SNA,1484
ONT,STL,142
ONT,STS,3678
ONT,TLH,72
ONT,TN8,23
ONT,TPA,295
ONT,TRI,160
ONT,TUL,745
ONT,TUS,356
ONT,VPS,369
OOK,PQS,17
OOK,SCM,3
OOK,TNK,1982
OOK,VAK,32
OOK,WTL,26
OOK,WWT,111
OPF,ORL,2
OPF,PBI,16
OPF,PHL,19
OPF,PIE,27
OPF,PSP,3
OPF,PTK,9
OPF,RFD,15
OPF,RIC,1
OPF,RIL,8
OPF,ROG,20
OPF,SAF,1
OPF,SAN,2
OPF,SAV,2
OPF,SBA,11
OPF,SDF,4
OPF,SJU,7
OPF,SLC,4
OPF,SPG,2
OPF,SRQ,47
OPF,SUA,3
OPF,SWF,45
OPF,TEB,327
OPF,TPA,31
OPF,TUL,2
OPF,UGN,4
OPF,VNY,64
OPF,VRB,2
OR4,SBP,6
OR4,SCF,6
OR4,TEB,2
OR4,TRM,1
ORD,ORF,231894
ORD,OTH,138
ORD,OWB,17464
ORD,PBI,242698
ORD,PDX,677894
ORD,PHL,1209476
ORD,PHX,1804030
ORD,PIA,169374
ORD,PIE,90
ORD,PIT,550385
ORD,PNS,92024
ORD,PSP,155276
ORD,PVD,178584
ORD,PWM,171726
ORD,RAP,75116
ORD,RDU,646338
ORD,RFD,6669
ORD,RHI,10
ORD,RIC,235007
ORD,RIL,8
ORD,RNO,92277
ORD,ROA,85361
ORD,ROC,320418
ORD,RST,95813
ORD,RSW,772298
ORD,SAN,855940
ORD,SAT,355033
ORD,SAV,181738
ORD,SBA,7
ORD,SBN,167781
ORD,SCE,93215
ORD,SDF,295102
ORD,SEA,1491861
ORD,SFO,1871840
ORD,SGF,198616
ORD,SJC,95431
ORD,SJU,380670
ORD,SLC,701591
ORD,SLN,14777
ORD,SMF,338702
ORD,SNA,579677
ORD,SPI,39087
ORD,SPS,163
ORD,SRQ,173134
ORD,STL,569020
ORD,STT,26589
ORD,SUN,12619
ORD,SUS,1
ORD,SUX,27456
ORD,SYR,287766
ORD,TBN,2357
ORD,TN8,15
ORD,TPA,889078
ORD,TUL,202792
ORD,TUS,237569
ORD,TVC,306117
ORD,TYS,257652
ORD,UIN,4517
ORD,VNY,12
ORD,VPS,6097
ORD,XNA,238805
ORD,YIP,76
ORF,PBI,389
ORF,PGV,36
ORF,PHF,181
ORF,PHL,159033
ORF,PHX,6269
ORF,PIE,7146
ORF,PIT,6516
ORF,PNS,106
ORF,PVD,52744
ORF,PWM,7037
ORF,RDU,1818
ORF,RIC,2623
ORF,RMN,12
ORF,ROA,345
ORF,ROC,41
ORF,RSW,21495
ORF,SAN,30319
ORF,SAT,162
ORF,SAV,722
ORF,SBY,49
ORF,SFB,17101
ORF,SHV,166
ORF,SJU,6601
ORF,SLN,91
ORF,SPI,267
ORF,SRQ,111
ORF,STL,4331
ORF,STT,227
ORF,SUA,1
ORF,SYR,5341
ORF,TEB,2
ORF,TOL,320
ORF,TPA,81724
ORF,TUL,125
ORF,XNA,727
ORF,YNG,96
ORH,PBI,49
ORH,PVD,133
ORH,RSW,21073
ORH,TEB,3
ORH,TPA,289
ORL,PBI,12
ORL,PHL,26
ORL,SDF,28
ORL,SRQ,10
ORL,TEB,6
ORL,TLH,1
ORL,TMB,10
ORL,TPA,1
ORL,VNY,6
ORV,OTZ,6150
ORV,RDB,487
ORV,SHG,57
ORV,SHH,19
ORV,WLK,600
ORV,WTK,134
OSU,PDK,3
OSU,SJC,4
OSU,STS,5
OSU,TEB,1
OTH,SFO,35030
OTH,TTN,13
OTS,VUO,2
OTZ,PHO,6968
OTZ,PIZ,14
OTZ,RDB,647
OTZ,SHG,1581
OTZ,SHH,48
OTZ,SVA,18
OTZ,WAA,1
OTZ,WLK,7107
OTZ,WTK,6214
OWB,SAT,1
OWB,TN8,2
OWB,XNA,2
OWD,PNE,3
OWD,PTW,2
OWD,SCE,14
OWD,SWF,10
OWD,TEB,30
OWD,VWK,13
OWD,WWD,6
OXC,PNE,4
OXC,PWM,16
OXC,RDU,2
OXC,TEB,14
OXR,PRB,3
OXR,SAN,3
OXR,SJC,10
OXR,SNA,3
PA3,SLK,3
PA5,TEB,12
PA5,WST,8
PAE,PDT,4
PAE,PDX,1383
PAE,PGA,4
PAE,PHF,7
PAE,PHX,155267
PAE,PSC,26
PAE,PSP,19164
PAE,RCE,10
PAE,SAN,48710
PAE,SEA,447
PAE,SFO,52794
PAE,SJC,323
PAE,SNA,47783
PAE,SQL,7
PAE,SUO,6
PAE,TUS,9851
PAE,VWE,4
PAH,RNO,287
PAM,TUL,94
PAO,RDM,4
PAO,SMO,2
PAO,TKF,2
PAO,VNY,2
PBG,PGD,10976
PBG,PHL,22258
PBG,PIE,28957
PBG,PIT,122
PBG,SFB,42341
PBG,SRQ,11937
PBG,TPA,5221
PBI,PDK,4
PBI,PDX,13
PBI,PGV,297
PBI,PHL,457685
PBI,PHX,4
PBI,PIE,14
PBI,PIT,36026
PBI,PNS,1051
PBI,PSM,14
PBI,PVD,108204
PBI,PWK,9
PBI,RDU,15256
PBI,RIC,1233
PBI,RIL,6
PBI,RSW,1925
PBI,SAT,484
PBI,SAV,5
PBI,SC6,4
PBI,SC7,3
PBI,SCF,2
PBI,SDF,4
PBI,SEA,186
PBI,SEF,1
PBI,SFB,4
PBI,SFO,193
PBI,SHD,325
PBI,SHV,35
PBI,SJC,1
PBI,SJU,1527
PBI,SNA,23
PBI,SOP,32
PBI,SRQ,316
PBI,SSI,4
PBI,STL,6638
PBI,STT,454
PBI,SUA,1
PBI,SYR,50
PBI,TEB,784
PBI,TKF,3
PBI,TLH,1354
PBI,TMB,3
PBI,TN8,9
PBI,TPA,16185
PBI,TTN,47168
PBI,TUL,443
PBI,TVI,2
PBI,TYS,1500
PBI,UGN,40
PBI,VNC,6
PBI,VNY,4
PCD,VNY,1
PCT,TOL,12
PCT,UBF,16
PDB,PTA,4
PDK,PIE,10
PDK,PWK,3
PDK,RDU,10
PDK,SC6,7
PDK,SHV,8
PDK,SJC,10
PDK,TEB,21
PDK,TN8,12
PDK,TYS,2
PDK,VNY,39
PDT,PDX,12977
PDX,PHL,29481
PDX,PHX,1076333
PDX,PIT,149
PDX,PSC,16
PDX,PSP,121552
PDX,PVU,35050
PDX,RAP,161
PDX,RDM,29799
PDX,RDU,456
PDX,RFD,176
PDX,RNO,112000
PDX,RNT,12
PDX,ROC,192
PDX,SAN,464224
PDX,SAT,853
PDX,SBA,42857
PDX,SBP,34264
PDX,SCF,8
PDX,SDF,50
PDX,SEA,1121973
PDX,SFO,882626
PDX,SHV,7
PDX,SIT,175
PDX,SIY,5
PDX,SJC,501498
PDX,SLC,603476
PDX,SMF,420493
PDX,SNA,357587
PDX,STL,17967
PDX,STS,70732
PDX,SWF,5
PDX,TEB,9
PDX,TIW,4
PDX,TPA,4685
PDX,TUL,171
PDX,TUS,34116
PDX,TWF,99
PDX,VNY,9
PDX,YKM,68
PGA,PHX,20326
PGA,QQU,2
PGA,SNA,2
PGA,UXR,2006
PGA,VEL,58
PGA,VNY,54
PGD,PHL,163
PGD,PIA,54444
PGD,PIE,125
PGD,PIT,48957
PGD,PSM,57416
PGD,PVD,43305
PGD,RFD,53565
PGD,RIC,10449
PGD,ROC,14446
PGD,SAV,1776
PGD,SBN,55285
PGD,SDF,34355
PGD,SFB,313
PGD,SGF,26010
PGD,SPI,32067
PGD,STC,12125
PGD,SWF,27315
PGD,SYR,17314
PGD,TOL,38972
PGD,TVC,19446
PGD,TYS,57126
PGD,USA,35063
PGM,SOV,717
PGO,PVU,13
PGO,TEB,14
PGV,PHF,36
PGV,PHL,351
PGV,RDU,129
PGV,ROA,19
PGV,SAT,358
PGV,SWF,332
PGV,TPA,129
PGV,TUL,341
PHF,PHL,79
PHF,PVD,471
PHF,PWM,68
PHF,SAV,170
PHF,SBY,124
PHF,TEB,3
PHF,VNY,4
PHL,PHX,812030
PHL,PIE,76
PHL,PIT,296927
PHL,PNS,52222
PHL,PTK,202
PHL,PVD,170225
PHL,PWM,203569
PHL,RDU,516394
PHL,RFD,150
PHL,RIC,125750
PHL,RNO,277
PHL,ROA,46235
PHL,ROC,88351
PHL,RSW,371665
PHL,SAN,300325
PHL,SAT,33500
PHL,SAV,156971
PHL,SBN,274
PHL,SBY,33544
PHL,SCE,101089
PHL,SCF,3
PHL,SDF,84079
PHL,SEA,334531
PHL,SFO,459098
PHL,SHD,1
PHL,SHV,166
PHL,SJC,241
PHL,SJU,490933
PHL,SLC,208566
PHL,SMF,110
PHL,SNA,214
PHL,SPS,183
PHL,SRQ,137765
PHL,STL,348219
PHL,STT,30964
PHL,STX,35
PHL,SWF,2
PHL,SYR,99400
PHL,TEB,31
PHL,TN8,12
PHL,TPA,773335
PHL,TSS,6
PHL,TUL,973
PHL,TUS,493
PHL,TVC,12994
PHL,TYS,101555
PHL,VNY,20
PHL,VPS,2291
PHL,XNA,1359
PHL,YIP,6
PHL,ZXU,59
PHO,PIZ,281
PHO,SCM,36
PHO,SKK,19
PHO,WLK,18
PHO,WTK,65
PHX,PIT,206163
PHX,PSC,56118
PHX,PSP,237808
PHX,PUW,30
PHX,PVD,396
PHX,PVU,65018
PHX,RDM,89536
PHX,RDU,155130
PHX,RFD,529
PHX,RIC,16565
PHX,RNO,520984
PHX,ROW,1
PHX,RSW,358
PHX,SAD,60
PHX,SAF,44228
PHX,SAN,1402441
PHX,SAT,597029
PHX,SAV,309
PHX,SBA,200850
PHX,SBD,2886
PHX,SBP,170511
PHX,SCK,32845
PHX,SDF,98104
PHX,SEA,1888671
PHX,SFB,346
PHX,SFO,1284272
PHX,SGU,63808
PHX,SHV,6
PHX,SJC,688492
PHX,SLC,1407598
PHX,SMF,846938
PHX,SNA,1064743
PHX,SOW,6897
PHX,SRQ,188
PHX,STL,598890
PHX,STS,57065
PHX,SVC,4532
PHX,TCL,299
PHX,TEX,8516
PHX,TPA,308920
PHX,TRM,8
PHX,TUL,187060
PHX,TUS,417059
PHX,TYS,38317
PHX,VEL,18865
PHX,VNY,53
PHX,XNA,64660
PHX,YUM,114725
PIA,PIE,46554
PIA,PWK,12
PIA,RNO,349
PIA,SFB,33641
PIA,SKF,178
PIA,SPS,72
PIA,SRQ,27110
PIA,STL,49
PIA,SYR,61
PIA,TVC,73
PIA,VPS,10701
PIA,WRI,124
PIB,TPA,341
PIB,TYS,48
PIE,PIT,48950
PIE,PSM,10630
PIE,PTK,66
PIE,PVU,697
PIE,RFD,41636
PIE,RIC,25991
PIE,ROA,34766
PIE,RSW,173
PIE,SAN,70
PIE,SAV,1664
PIE,SBN,37029
PIE,SDF,33357
PIE,SFB,3
PIE,SFO,129
PIE,SGF,48686
PIE,SJU,8
PIE,SRQ,3
PIE,STL,64
PIE,SWF,34237
PIE,SYR,42205
PIE,TEB,11
PIE,TLH,8
PIE,TOL,37057
PIE,TRI,15201
PIE,TUL,16715
PIE,TVC,28858
PIE,TVI,12
PIE,TYS,136093
PIE,USA,62603
PIE,VPS,126
PIE,XNA,18327
PIH,PSP,74
PIH,PUW,278
PIH,SBP,288
PIH,SFO,140
PIH,SLC,46731
PIH,SMF,469
PIP,PTH,161
PIP,UGS,95
PIP,WSN,1
PIT,PNS,5
PIT,PTK,62
PIT,PVD,20704
PIT,PWM,6689
PIT,RDU,98706
PIT,RIC,179
PIT,ROA,38
PIT,ROC,121
PIT,RST,100
PIT,RSW,154174
PIT,SAN,10884
PIT,SAT,432
PIT,SAV,27059
PIT,SBN,220
PIT,SCE,37
PIT,SDF,881
PIT,SEA,133400
PIT,SFB,43460
PIT,SFO,154423
PIT,SHV,175
PIT,SLC,9797
PIT,SLN,54
PIT,SNA,171
PIT,SRQ,66769
PIT,STL,82226
PIT,SYR,627
PIT,TEB,42
PIT,TLH,216
PIT,TPA,261685
PIT,TUL,362
PIT,TUS,347
PIT,TYS,211
PIT,VPS,14415
PIT,XNA,329
PIZ,SCC,27
PKA,PQS,3
PKA,PTU,7
PKA,RSH,2
PKA,SRV,1
PKA,TLT,10
PKA,VAK,2
PKA,WNA,401
PKA,WTL,14
PNE,PWM,3
PNE,PYM,1
PNE,ROC,4
PNE,SCE,7
PNE,TEB,6
PNE,WST,12
PNS,RDU,147
PNS,RSW,68
PNS,SAT,348
PNS,SFO,409
PNS,SHV,63
PNS,SRQ,70
PNS,STL,46389
PNS,STT,159
PNS,TLH,368
PNS,TPA,54105
PNS,VPS,369
POB,SJU,88
PPV,WFB,59
PQI,PVD,41
PQS,RSH,218
PQS,SCM,25
PQS,SXP,33
PQS,VAK,49
PQS,WBB,31
PQS,WNA,7
PR1,SIG,26
PR1,SJU,66
PRB,PSP,6
PRB,RNO,1
PRB,VNY,28
PRC,SNA,17
PRC,VNY,2
PSC,PVU,185
PSC,PWT,3
PSC,SEA,375387
PSC,SFO,53903
PSC,SLC,156350
PSC,SMF,74
PSC,STP,7
PSC,STS,705
PSC,TWF,73
PSE,SJU,170
PSF,PVC,2
PSF,PWM,3
PSF,SYR,1
PSF,TEB,16
PSG,SEA,69
PSG,SIT,19
PSG,WRG,54157
PSM,PWM,188
PSM,ROC,60
PSM,RSW,2962
PSM,SFB,34957
PSM,SJU,992
PSM,SRQ,1958
PSM,TEB,19
PSM,TTN,2
PSM,VWK,16
PSM,WGO,11
PSP,PTK,66
PSP,PVU,10
PSP,PWK,6
PSP,RDM,10798
PSP,RNO,302
PSP,SAC,11
PSP,SAN,1778
PSP,SBA,26
PSP,SCF,8
PSP,SEA,372959
PSP,SFO,301304
PSP,SJC,48503
PSP,SLC,119364
PSP,SLE,6
PSP,SMF,84882
PSP,SMO,10
PSP,SNA,332
PSP,SQL,4
PSP,STL,48
PSP,STS,24961
PSP,SWF,7
PSP,TUS,4
PSP,TVL,4
PSP,UGN,3
PSP,UT1,1
PSP,VA4,10
PSP,VNY,37
PSP,VWS,7
PTD,PTL,19
PTD,SIT,217
PTH,UGS,35
PTH,WSN,1
PTK,SAT,9
PTK,SNA,4
PTK,SWF,1
PTL,SIT,38
PUB,RNO,874
PUW,RNO,28
PUW,SAN,645
PUW,SBP,248
PUW,SEA,106453
PUW,SJC,131
PUW,SMF,259
PUW,TUS,132
PUW,YKM,63
PVC,PWM,1
PVC,TEB,27
PVD,PVU,85
PVD,PWM,122
PVD,RDU,54509
PVD,RIC,4542
PVD,ROC,89
PVD,RSW,96005
PVD,SAT,125
PVD,SAV,14980
PVD,SEA,379
PVD,SFO,150
PVD,SJC,347
PVD,SJU,14725
PVD,SMF,123
PVD,SRQ,33890
PVD,STT,127
PVD,SWF,8
PVD,SYR,249
PVD,TEB,48
PVD,TPA,146690
PVD,UGN,1
PVD,VNY,4
PVD,VRB,40028
PVD,VWK,2
PVU,ROW,186
PVU,SAN,33712
PVU,SAT,1739
PVU,SBA,25
PVU,SCF,1
PVU,SDF,90
PVU,SFB,21806
PVU,SFO,46843
PVU,SJC,992
PVU,SLC,574
PVU,SNA,281005
PVU,SWO,100
PVU,TUL,65
PVU,TUS,156
PVU,VCV,16
PVU,XNA,269
PWA,TBN,10
PWK,RHI,9
PWK,RIL,9
PWK,ROA,4
PWK,RST,6
PWK,SBA,17
PWK,SHV,7
PWK,SPI,11
PWK,STP,12
PWK,SWF,8
PWK,TEB,33
PWK,TOL,3
PWK,TRM,3
PWK,TUS,5
PWK,UGN,2
PWK,VNY,12
PWK,WI7,8
PWM,RAP,156
PWM,RDU,24325
PWM,RSW,18998
PWM,SJU,130
PWM,SRQ,1574
PWM,STT,126
PWM,SUA,8
PWM,SYR,66
PWM,TEB,22
PWM,TPA,23706
PWM,VNY,5
PWM,VRB,128
PWM,WST,5
PYM,SCH,4
PYM,TEB,4
QMN,TEB,4
QQT,TEB,4
QQT,VNY,3
RAL,SHV,10
RAP,RDM,124
RAP,RDU,124
RAP,RST,74
RAP,SDF,119
RAP,SEA,473
RAP,SFB,15868
RAP,SFO,602
RAP,SJC,122
RAP,SLC,282
RAP,SMF,114
RAP,SNA,166
RAP,TN8,11
RAP,TXK,69
RBD,SNA,3
RBD,VNY,2
RBW,TEB,3
RBW,TTN,1
RBY,TAL,105
RCE,RSJ,253
RCE,VUO,6
RCE,WSX,296
RDB,SHG,72
RDB,WLK,447
RDB,WTK,1070
RDD,SEA,39842
RDD,SFO,82106
RDG,TEB,6
RDM,SAN,42447
RDM,SEA,377405
RDM,SFO,180465
RDM,SJC,73
RDM,SLC,88260
RDM,SNA,154
RDM,STS,14690
RDM,TIW,5
RDM,TUL,119
RDM,YUM,62
RDU,RFD,332
RDU,RIC,2662
RDU,ROA,164
RDU,ROC,44613
RDU,RSW,45813
RDU,SAN,24433
RDU,SAT,562
RDU,SAV,532
RDU,SBN,1047
RDU,SCE,94
RDU,SDF,1591
RDU,SEA,258322
RDU,SFO,196478
RDU,SGF,168
RDU,SHD,149
RDU,SJC,324
RDU,SJU,166127
RDU,SLC,129197
RDU,SRQ,3296
RDU,STL,152226
RDU,SUA,3
RDU,SYR,19313
RDU,TCL,106
RDU,TEB,16
RDU,TLH,1694
RDU,TPA,323874
RDU,TTN,9563
RDU,TUL,129
RDU,TUS,77
RDU,TWF,136
RDU,TYS,209
RDU,UOX,82
RDU,USA,18
RDU,VNY,5
RDU,XNA,110
RDU,YIP,60
RDV,SLQ,27
RDV,SRV,7
RFD,RIC,123
RFD,SEA,146
RFD,SFB,37702
RFD,SFO,558
RFD,SJU,509
RFD,SLC,138
RFD,SMF,147
RFD,SNA,455
RFD,SRQ,20514
RFD,VPS,50
RHI,TPA,7
RIC,ROA,217
RIC,ROC,1
RIC,RSW,17514
RIC,SAN,464
RIC,SAT,112
RIC,SAV,336
RIC,SDF,288
RIC,SEA,171
RIC,SFB,15316
RIC,SFO,25033
RIC,SJU,513
RIC,SLC,174
RIC,SRQ,2575
RIC,STL,943
RIC,STT,126
RIC,TEB,19
RIC,TOL,5074
RIC,TPA,75703
RIC,TYS,33
RIC,USA,34
RIC,VLD,169
RIC,XNA,616
RIL,SCF,2
RIL,TEB,86
RIL,TN8,10
RIL,VNY,47
RIV,SLN,1095
RIV,SVN,521
RIV,TCM,83
RKD,RUT,4
RKD,TEB,20
RKS,SLC,31
RME,TEB,2
RMN,RWI,13
RMP,SVS,2
RMP,TAL,17
RMP,VEE,3
RMP,WBQ,7
RNO,SAN,165673
RNO,SAT,935
RNO,SAV,298
RNO,SBA,10
RNO,SDF,360
RNO,SEA,246649
RNO,SFO,217509
RNO,SGF,870
RNO,SHV,674
RNO,SJC,58670
RNO,SJT,191
RNO,SLC,227966
RNO,SMF,3187
RNO,SMO,5
RNO,SMX,228
RNO,SNA,11774
RNO,SPI,252
RNO,SPS,122
RNO,SQL,167
RNO,STL,642
RNO,STS,2
RNO,TRM,12
RNO,TUL,693
RNO,TUS,689
RNO,TWF,132
RNO,TYS,572
RNO,UDD,6
RNO,VNY,38
RNO,XNA,291
ROA,ROC,92
ROA,RSW,90
ROA,SAT,68
ROA,SBN,116
ROA,SDF,48
ROA,SFB,32216
ROA,SYR,317
ROA,TLH,148
ROA,TRI,44
ROC,SAN,189
ROC,SFB,5324
ROC,SNA,124
ROC,STL,151
ROC,SWF,1
ROC,SYR,505
ROC,TEB,7
ROC,TPA,20475
ROC,TYS,70
ROC,USA,4080
ROC,VWK,8
ROG,SUS,8
ROP,SPN,17268
ROP,TIQ,162
RSH,SCM,27
RSH,SHX,4
RSH,SXP,4
RSH,TLT,15
RSH,VAK,40
RSJ,WSX,156
RST,SAN,174
RST,SAT,77
RST,SLC,356
RST,SNA,2
RST,TPA,179
RST,TUL,2
RSW,SAT,290
RSW,SAV,269
RSW,SDF,19118
RSW,SEA,46418
RSW,SFO,12671
RSW,SJU,27911
RSW,SPS,185
RSW,SRQ,1347
RSW,STL,228611
RSW,STT,289
RSW,SWF,3079
RSW,SYR,29758
RSW,TLH,52
RSW,TPA,8590
RSW,TTN,43439
RSW,VRB,2
RSW,XNA,59
RSW,YIP,65
RUT,SLK,8
RUT,SYR,6
RUT,TEB,5
RWI,SHV,8
SAA,UST,1
SAC,SFO,8
SAC,TWF,3
SAC,VNY,2
SAD,SVC,6
SAD,TUS,6
SAF,SDX,4
SAF,T4X,75
SAF,TN8,40
SAF,VNY,1
SAN,SAT,150470
SAN,SBA,142
SAN,SBP,60112
SAN,SCF,3
SAN,SDF,164
SAN,SEA,1240054
SAN,SFO,1415169
SAN,SJC,1220113
SAN,SLC,725118
SAN,SLN,262
SAN,SMF,1212173
SAN,SMX,7
SAN,SNA,57
SAN,STL,144361
SAN,STS,92931
SAN,SYR,1090
SAN,T4X,3
SAN,TEB,11
SAN,TN8,11
SAN,TPA,104742
SAN,TTN,18
SAN,TUL,211
SAN,TUP,130
SAN,TUS,122339
SAN,TWF,102
SAN,USA,222
SAN,UT1,2
SAN,VCV,236
SAN,VNY,82
SAN,XNA,129
SAN,YUM,99
SAT,SAV,157
SAT,SBA,120
SAT,SCF,2
SAT,SDF,371
SAT,SEA,175695
SAT,SFB,140
SAT,SFO,77390
SAT,SHV,464
SAT,SJC,258
SAT,SJU,494
SAT,SLC,206668
SAT,SMF,395
SAT,SNA,406
SAT,SRQ,143
SAT,STL,123875
SAT,STT,185
SAT,SWF,320
SAT,TPA,109463
SAT,TUL,313
SAT,TUS,423
SAT,VCV,257
SAT,VNY,11
SAT,VPS,467
SAT,YUM,124
SAV,SDF,4951
SAV,SEA,185
SAV,SFB,127
SAV,SGU,102
SAV,SHV,60
SAV,SJU,295
SAV,SRQ,177
SAV,STL,2628
SAV,SYR,380
SAV,TEB,5
SAV,TN8,14
SAV,TPA,1072
SAV,UGN,2
SAV,VRB,13
SAV,YIP,86
SBA,SCF,8
SBA,SDM,13
SBA,SEA,104434
SBA,SFO,194318
SBA,SGU,10
SBA,SIY,7
SBA,SJC,147
SBA,SLC,64550
SBA,SMF,64533
SBA,SNA,4
SBA,SQL,1408
SBA,STS,6
SBA,SUN,3
SBA,TEB,25
SBA,TKF,17
SBA,TMB,1
SBA,TRM,25
SBA,TUS,12
SBA,UGN,16
SBA,UT1,3
SBA,VNY,11
SBA,VWD,8
SBA,XWW,1
SBA,YUM,52
SBD,SFO,35268
SBD,TKF,4
SBD,TVL,4
SBD,VNY,4
SBN,SCE,74
SBN,SDF,360
SBN,SEA,313
SBN,SFB,45133
SBN,SFO,454
SBN,SJC,243
SBN,SJU,3
SBN,SRQ,28628
SBN,SYR,654
SBN,TLH,731
SBN,TRI,38
SBN,TUP,206
SBN,TYS,9656
SBN,USA,194
SBP,SEA,76607
SBP,SEE,4
SBP,SFO,93400
SBP,SJC,21
SBP,SLC,278
SBP,TUL,240
SBY,STL,26
SBY,TEB,1
SCC,UUK,1
SCC,VEE,1
SCE,SDF,171
SCE,SEA,110
SCE,TEB,56
SCE,TLH,42
SCE,TOL,337
SCE,YIP,159
SCF,SFO,23
SCF,SGF,2
SCF,SJC,2
SCF,SLC,399
SCF,SMF,1
SCF,SNA,6821
SCF,SRQ,3
SCF,STS,6
SCF,TEB,43
SCF,TEX,17
SCF,TN8,19
SCF,TRM,2
SCF,TTN,4
SCF,TUS,3
SCF,UT1,3
SCF,VNY,34
SCH,SFM,2
SCH,VNY,3
SCK,SFO,6
SCK,SHR,2
SCK,VGT,9
SCM,SKK,9
SCM,SXP,60
SCM,TNK,1
SCM,UNK,9
SCM,VAK,1576
SDF,SFB,37532
SDF,SFO,22622
SDF,SHV,68
SDF,SJC,306
SDF,SLC,374
SDF,SRQ,21160
SDF,STL,810
SDF,SWF,1
SDF,SYR,366
SDF,TEB,2
SDF,TLH,414
SDF,TN8,6
SDF,TPA,113403
SDF,TRI,74
SDF,TUL,216
SDF,TVC,67
SDF,TXK,75
SDF,TYS,134
SDF,UOX,86
SDF,VPS,31330
SDM,SNA,12
SDP,SNP,1
SDX,SLC,4
SDX,TEB,2
SDX,VNY,2
SEA,SFO,1552322
SEA,SIT,63108
SEA,SJC,991193
SEA,SLC,1053455
SEA,SMF,877992
SEA,SNA,962140
SEA,SRQ,132
SEA,STL,260328
SEA,STS,109158
SEA,SUN,32946
SEA,SYR,190
SEA,TCM,121
SEA,TPA,306197
SEA,TUL,433
SEA,TUS,236451
SEA,WRG,149
SEA,YAK,259
SEA,YKM,80871
SEE,VCV,75
SFB,SGF,45168
SFB,SHV,5521
SFB,SRQ,2
SFB,SWF,20977
SFB,SYR,26709
SFB,TOL,31475
SFB,TPA,4
SFB,TRI,30581
SFB,TUL,31475
SFB,TVC,24833
SFB,TYS,185764
SFB,USA,49833
SFB,XNA,38573
SFF,SQV,8
SFF,TTD,10
SFO,SJC,2462
SFO,SLC,701378
SFO,SMF,102817
SFO,SNA,669914
SFO,SRQ,2
SFO,STL,118941
SFO,STP,2
SFO,STS,139
SFO,SUN,23106
SFO,SWF,150
SFO,SYR,614
SFO,TEB,40
SFO,TPA,158607
SFO,TUL,337
SFO,TUS,106516
SFO,TYS,158
SFO,VNY,115
SFO,YIP,2
SGF,SJC,74
SGF,STL,264
SGF,TRI,58
SGF,TUL,56
SGF,VPS,14621
SGF,XNA,471
SGF,YNG,316
SGH,TEB,2
SGU,SLC,152965
SGU,SMF,232
SGU,SNA,7
SGU,TUS,127
SGU,VGT,131
SGU,VNY,12
SHD,SJU,3
SHG,WLK,84
SHH,SKK,126
SHH,SMK,2
SHH,SVA,36
SHH,TLA,230
SHH,TNC,1
SHH,UNK,69
SHH,WAA,325
SHH,WMO,56
SHV,SJU,167
SHV,STL,26
SHV,SWF,208
SHV,TDZ,7
SHV,TEB,5
SHV,TPA,510
SHV,TUL,384
SHV,VPS,6409
SHX,SLQ,7
SHX,TCT,20
SHX,UNK,12
SIG,STT,6
SIG,STX,1565
SIG,VQS,23494
SIT,TKE,2
SIT,WRG,27
SIT,YAK,1
SJC,SLC,317977
SJC,SLN,285
SJC,SMF,11
SJC,SNA,523422
SJC,STL,72316
SJC,STS,185
SJC,SYR,166
SJC,TEB,25
SJC,TKF,11
SJC,TPA,439
SJC,TUL,519
SJC,TUS,532
SJC,UDD,4
SJC,VNY,145
SJC,WJF,1
SJC,XNA,66
SJT,TBN,22
SJU,SSC,59
SJU,STL,12048
SJU,STT,202500
SJU,STX,80217
SJU,TEB,28
SJU,TPA,502123
SJU,TUL,164
SJU,TYS,181
SJU,VNY,24
SJU,VQS,22732
SJU,VRB,8
SKF,WRI,81
SKK,SMK,73
SKK,TLA,8
SKK,UNK,3069
SKK,WBB,4
SKK,WMO,18
SKK,WTK,27
SLC,SLE,2
SLC,SMF,443255
SLC,SNA,338236
SLC,SPI,165
SLC,SPS,143
SLC,SRQ,186
SLC,STL,206405
SLC,STS,3288
SLC,SUN,86204
SLC,SWO,570
SLC,TEB,12
SLC,TKF,6
SLC,TLH,182
SLC,TN8,13
SLC,TPA,112020
SLC,TRM,1
SLC,TUL,76577
SLC,TUS,137790
SLC,TWF,64844
SLC,TXK,6
SLC,UGN,3
SLC,VNY,124
SLC,WYS,17351
SLE,STS,4897
SLK,SWF,18
SLK,TEB,53
SLN,TUS,1
SLQ,SRV,41
SLQ,TLT,2
SMF,SNA,471364
SMF,STL,105555
SMF,STS,619
SMF,SUX,116
SMF,TUL,209
SMF,TWF,49
SMF,VNY,18
SMK,SVA,9
SMK,TLA,7
SMK,UNK,1253
SMK,WBB,2743
SMK,WMO,22
SMK,WTK,9
SMO,STS,1
SMO,TRM,7
SMO,UT1,8
SMO,VGT,8
SNA,SPI,134
SNA,SQL,4
SNA,SRQ,2
SNA,STL,500
SNA,STS,80119
SNA,SUN,24
SNA,SUS,3
SNA,TEB,12
SNA,TEX,12
SNA,TPA,4580
SNA,TUL,582
SNA,TUS,14378
SNA,TWF,160
SNA,UDD,1
SNA,UT1,2
SNA,XNA,1149
SNP,STG,204
SOP,TEB,3
SPB,SSB,9355
SPG,SUA,6
SPI,TN8,9
SPI,TPA,11929
SPI,UST,9
SPN,TIQ,60327
SPS,TBN,11
SPS,TXK,33
SPW,SUA,6
SQA,SQL,3
SQL,SUN,5
SQL,TKF,1934
SQL,TRM,6
SQL,UDD,5
SQL,VNY,2
SRQ,STL,86944
SRQ,SUA,1
SRQ,SYR,27066
SRQ,TEB,6
SRQ,TLH,151
SRQ,TPA,4237
SRQ,VDI,1
SRQ,VPS,175
SSI,SUA,1
SSI,TRM,1
SSI,VNC,1
STL,SYR,174
STL,TPA,294660
STL,TRM,2
STL,TUL,145180
STL,TUS,120
STL,UIN,3477
STL,VPS,15668
STL,XNA,149
STL,YIP,159
STP,TN8,13
STP,UES,7
STS,VNY,16
STT,STX,116414
STT,TLH,179
STT,TPA,122
STX,VQS,230
SUA,TN8,1
SUA,TPA,6
SUN,TEB,4
SUN,TWF,13
SUN,VNY,30
SUS,TEB,1
SUS,UIN,6
SUS,UT1,7
SVA,TLA,22
SVA,UNK,77
SVA,WAA,62
SVA,WBB,18
SVA,WMO,17
SVS,WBQ,374
SWF,TEB,1
SWF,TUL,336
SWF,USA,202
SWF,VRB,2018
SWO,TEB,86
SXP,UNK,3
SXP,VAK,26
SXP,WBB,1
SYR,TEB,28
SYR,TLH,162
SYR,TPA,26850
SYR,TYS,74
SZL,TVC,159
T4X,TSM,2451
T6X,TEB,8
T8X,TUL,14
TAL,VEE,13
TBN,XNA,28
TCL,TPA,607
TCL,TYS,510
TCL,XNA,282
TCT,TLJ,10
TEB,TEX,5
TEB,TN8,108
TEB,TPA,31
TEB,TSS,38
TEB,TUL,2
TEB,TYS,9
TEB,UBF,54
TEB,UGN,12
TEB,UST,6
TEB,UXO,6
TEB,VA4,4
TEB,VA8,3
TEB,VNY,170
TEB,VWK,16
TEB,WST,6
TEB,WVL,2
TEB,ZXU,21
TEK,VDZ,14
TIW,VNY,2
TKF,VGT,6
TKF,VNY,35
TLA,TNC,8
TLA,UNK,14
TLA,WAA,69
TLA,WBB,32
TLA,WMO,15
TLH,TPA,23691
TLH,TYS,65
TLH,VDI,1
TLH,VLD,65
TLH,XNA,96
TLT,WNA,4
TLT,WTL,1
TMB,UST,4
TN8,TOL,16
TN8,UST,9
TN8,VNY,5
TNC,WAA,265
TNK,WNA,1
TNK,WTL,10
TNK,WWT,112
TOG,TWA,1924
TOL,TUP,166
TPA,TTN,104201
TPA,TUL,597
TPA,TYS,204
TPA,UST,12
TPA,VNC,2
TPA,VRB,249
TPA,XNA,21521
TPA,YIP,728
TPF,VNC,2
TRI,TUL,71
TRI,TXK,72
TRM,VNY,61
TSS,WKV,3
TTN,WST,6
TTN,YIP,156
TUL,TYS,76
TUL,VNY,2
TUL,VPS,10157
TUL,XNA,266
TUP,TYS,116
TUP,XNA,558
TUS,UGN,2
TUS,VNY,18
TVL,VNY,4
TWA,VAK,6
TYS,VLD,31
TYS,VPS,23263
TYS,XNA,1093
UBF,WVL,11
UDD,WQC,1
UGS,WSN,1
UNK,WAA,26
UNK,WBB,901
UNK,WMO,182
UT1,VNY,13
VAK,WTL,21
VAK,WWT,7
VCV,VGT,1
VCV,YKM,58
VDZ,WTT,2
VEE,WBQ,47
VIS,VNY,4
VNY,YIP,11
VPS,XNA,51091
VWK,ZXU,2
WAA,WBB,2
WAA,WMO,14
WAA,WTK,1
WBB,WMO,17
WFB,WHD,112
WFB,WMK,7
WFB,WWP,16
WFB,ZXH,4
WLK,WTK,159
WNA,WTL,16
WNA,WWT,7
